entity_type,entity_id,term_code,course_code,class_nbr,status,reason,attempt_count,first_attempt_at,last_attempt_at,source_snapshot_id,raw_path
subject,ACCT,2420,,,data,,1,2026-08-14T17:54:13.919Z,2026-08-14T17:54:19.641Z,2026-08-15T01-53-13+08-00-full-term-1,data/cuhk-timetable/snapshots/2026-08-15T01-53-13+08-00-full-term-1/raw/2420/ACCT.json
subject,AIST,2420,,,data,,1,2026-08-14T17:53:27.585Z,2026-08-14T17:53:32.224Z,2026-08-15T01-53-13+08-00-full-term-1,data/cuhk-timetable/snapshots/2026-08-15T01-53-13+08-00-full-term-1/raw/2420/AIST.json
subject,ANTH,2420,,,data,,1,2026-08-14T17:53:32.225Z,2026-08-14T17:53:36.777Z,2026-08-15T01-53-13+08-00-full-term-1,data/cuhk-timetable/snapshots/2026-08-15T01-53-13+08-00-full-term-1/raw/2420/ANTH.json
subject,ARAB,2420,,,data,,1,2026-08-14T17:53:36.777Z,2026-08-14T17:53:41.266Z,2026-08-15T01-53-13+08-00-full-term-1,data/cuhk-timetable/snapshots/2026-08-15T01-53-13+08-00-full-term-1/raw/2420/ARAB.json
subject,ARCH,2420,,,data,,1,2026-08-14T17:53:41.266Z,2026-08-14T17:53:46.085Z,2026-08-15T01-53-13+08-00-full-term-1,data/cuhk-timetable/snapshots/2026-08-15T01-53-13+08-00-full-term-1/raw/2420/ARCH.json
subject,ARTS,2420,,,school_approval_required,"Per confirmed project rule, this subject requires school approval; absence of public rows is not treated as a collection gap.",2,2026-08-14T18:00:12.100Z,2026-08-14T18:00:21.944Z,2026-08-15T01-53-13+08-00-full-term-1,data/cuhk-timetable/snapshots/2026-08-15T01-53-13+08-00-full-term-1/raw/2420/ARTS.json
subject,ASEI,2420,,,data,,1,2026-08-14T17:53:58.472Z,2026-08-14T17:54:04.751Z,2026-08-15T01-53-13+08-00-full-term-1,data/cuhk-timetable/snapshots/2026-08-15T01-53-13+08-00-full-term-1/raw/2420/ASEI.json
subject,BCHE,2420,,,data,,1,2026-08-14T17:54:04.751Z,2026-08-14T17:54:11.121Z,2026-08-15T01-53-13+08-00-full-term-1,data/cuhk-timetable/snapshots/2026-08-15T01-53-13+08-00-full-term-1/raw/2420/BCHE.json
subject,BCME,2420,,,data,,2,2026-08-14T17:55:18.014Z,2026-08-14T17:55:27.850Z,2026-08-15T01-53-13+08-00-full-term-1,data/cuhk-timetable/snapshots/2026-08-15T01-53-13+08-00-full-term-1/raw/2420/BCME.json
subject,BECE,2420,,,data,,1,2026-08-14T17:54:39.270Z,2026-08-14T17:54:43.630Z,2026-08-15T01-53-13+08-00-full-term-1,data/cuhk-timetable/snapshots/2026-08-15T01-53-13+08-00-full-term-1/raw/2420/BECE.json
subject,BEHM,2420,,,data,,1,2026-08-14T17:54:43.630Z,2026-08-14T17:54:48.958Z,2026-08-15T01-53-13+08-00-full-term-1,data/cuhk-timetable/snapshots/2026-08-15T01-53-13+08-00-full-term-1/raw/2420/BEHM.json
subject,BIOL,2420,,,data,,1,2026-08-14T17:54:48.959Z,2026-08-14T17:54:53.418Z,2026-08-15T01-53-13+08-00-full-term-1,data/cuhk-timetable/snapshots/2026-08-15T01-53-13+08-00-full-term-1/raw/2420/BIOL.json
subject,BMBL,2420,,,data,,1,2026-08-14T17:54:53.418Z,2026-08-14T17:54:57.858Z,2026-08-15T01-53-13+08-00-full-term-1,data/cuhk-timetable/snapshots/2026-08-15T01-53-13+08-00-full-term-1/raw/2420/BMBL.json
subject,BMED,2420,,,data,,1,2026-08-14T17:54:57.859Z,2026-08-14T17:55:02.495Z,2026-08-15T01-53-13+08-00-full-term-1,data/cuhk-timetable/snapshots/2026-08-15T01-53-13+08-00-full-term-1/raw/2420/BMED.json
subject,BMEG,2420,,,data,,1,2026-08-14T17:56:18.381Z,2026-08-14T17:56:23.140Z,2026-08-15T01-53-13+08-00-full-term-1,data/cuhk-timetable/snapshots/2026-08-15T01-53-13+08-00-full-term-1/raw/2420/BMEG.json
subject,CDAS,2420,,,data,,1,2026-08-14T17:55:37.966Z,2026-08-14T17:55:42.464Z,2026-08-15T01-53-13+08-00-full-term-1,data/cuhk-timetable/snapshots/2026-08-15T01-53-13+08-00-full-term-1/raw/2420/CDAS.json
subject,CENG,2420,,,data,,1,2026-08-14T17:55:42.465Z,2026-08-14T17:55:47.200Z,2026-08-15T01-53-13+08-00-full-term-1,data/cuhk-timetable/snapshots/2026-08-15T01-53-13+08-00-full-term-1/raw/2420/CENG.json
subject,CHED,2420,,,data,,1,2026-08-14T17:55:47.201Z,2026-08-14T17:55:51.612Z,2026-08-15T01-53-13+08-00-full-term-1,data/cuhk-timetable/snapshots/2026-08-15T01-53-13+08-00-full-term-1/raw/2420/CHED.json
subject,CHEM,2420,,,data,,2,2026-08-14T17:56:23.140Z,2026-08-14T17:56:32.896Z,2026-08-15T01-53-13+08-00-full-term-1,data/cuhk-timetable/snapshots/2026-08-15T01-53-13+08-00-full-term-1/raw/2420/CHEM.json
subject,CHES,2420,,,data,,1,2026-08-14T17:56:01.675Z,2026-08-14T17:56:05.983Z,2026-08-15T01-53-13+08-00-full-term-1,data/cuhk-timetable/snapshots/2026-08-15T01-53-13+08-00-full-term-1/raw/2420/CHES.json
subject,CHLL,2420,,,data,,1,2026-08-14T17:56:32.897Z,2026-08-14T17:56:37.571Z,2026-08-15T01-53-13+08-00-full-term-1,data/cuhk-timetable/snapshots/2026-08-15T01-53-13+08-00-full-term-1/raw/2420/CHLL.json
subject,CHLT,2420,,,data,Complete result grid recaptured from the official public timetable.,2,2026-08-14T18:00:21.944Z,2026-08-14T18:00:32.659Z,2026-08-15T18-34-00+08-00-gap-recapture,data/cuhk-timetable/snapshots/2026-08-15T18-34-00+08-00-gap-recapture/raw/2420/CHLT.json
subject,CHPR,2420,,,data,,1,2026-08-14T17:56:48.544Z,2026-08-14T17:56:52.947Z,2026-08-15T01-53-13+08-00-full-term-1,data/cuhk-timetable/snapshots/2026-08-15T01-53-13+08-00-full-term-1/raw/2420/CHPR.json
subject,CLCC,2420,,,data,,1,2026-08-14T17:56:52.947Z,2026-08-14T17:56:57.729Z,2026-08-15T01-53-13+08-00-full-term-1,data/cuhk-timetable/snapshots/2026-08-15T01-53-13+08-00-full-term-1/raw/2420/CLCC.json
subject,CLCE,2420,,,data,,1,2026-08-14T17:56:57.730Z,2026-08-14T17:57:02.058Z,2026-08-15T01-53-13+08-00-full-term-1,data/cuhk-timetable/snapshots/2026-08-15T01-53-13+08-00-full-term-1/raw/2420/CLCE.json
subject,CLCH,2420,,,data,,1,2026-08-14T17:57:30.465Z,2026-08-14T17:57:36.426Z,2026-08-15T01-53-13+08-00-full-term-1,data/cuhk-timetable/snapshots/2026-08-15T01-53-13+08-00-full-term-1/raw/2420/CLCH.json
subject,CLCP,2420,,,data,,2,2026-08-14T17:59:49.871Z,2026-08-14T17:59:59.653Z,2026-08-15T01-53-13+08-00-full-term-1,data/cuhk-timetable/snapshots/2026-08-15T01-53-13+08-00-full-term-1/raw/2420/CLCP.json
subject,CLED,2420,,,data,,1,2026-08-14T17:57:46.431Z,2026-08-14T17:57:50.644Z,2026-08-15T01-53-13+08-00-full-term-1,data/cuhk-timetable/snapshots/2026-08-15T01-53-13+08-00-full-term-1/raw/2420/CLED.json
subject,CMBI,2420,,,data,,1,2026-08-14T17:57:50.645Z,2026-08-14T17:57:55.117Z,2026-08-15T01-53-13+08-00-full-term-1,data/cuhk-timetable/snapshots/2026-08-15T01-53-13+08-00-full-term-1/raw/2420/CMBI.json
subject,COMM,2420,,,data,,1,2026-08-14T17:58:40.681Z,2026-08-14T17:58:45.418Z,2026-08-15T01-53-13+08-00-full-term-1,data/cuhk-timetable/snapshots/2026-08-15T01-53-13+08-00-full-term-1/raw/2420/COMM.json
subject,COOP,2420,,,data,,1,2026-08-14T17:58:05.474Z,2026-08-14T17:58:10.205Z,2026-08-15T01-53-13+08-00-full-term-1,data/cuhk-timetable/snapshots/2026-08-15T01-53-13+08-00-full-term-1/raw/2420/COOP.json
subject,CSAT,2420,,,data,,1,2026-08-14T17:58:45.419Z,2026-08-14T17:58:49.600Z,2026-08-15T01-53-13+08-00-full-term-1,data/cuhk-timetable/snapshots/2026-08-15T01-53-13+08-00-full-term-1/raw/2420/CSAT.json
subject,CSCI,2420,,,historical_fallback,Latest query was invalid/blank; records use the previous snapshot and may be stale.,0,,2026-08-14T18:18:13.737Z,2026-08-15T00-47-47+08-00,archive/legacy-snapshots/2026-08-15T00-47-47+08-00/raw/2420/CSCI.json
subject,CUMT,2420,,,data,,1,2026-08-14T17:58:59.277Z,2026-08-14T17:59:03.702Z,2026-08-15T01-53-13+08-00-full-term-1,data/cuhk-timetable/snapshots/2026-08-15T01-53-13+08-00-full-term-1/raw/2420/CUMT.json
subject,CURE,2420,,,historical_fallback,Latest query was invalid/blank; records use the previous snapshot and may be stale.,2,2026-08-14T18:00:42.911Z,2026-08-14T18:00:53.052Z,2026-08-15T00-47-47+08-00,archive/legacy-snapshots/2026-08-15T00-47-47+08-00/raw/2420/CURE.json
subject,DIPL,2420,,,data,,1,2026-08-14T18:01:13.964Z,2026-08-14T18:01:18.481Z,2026-08-15T01-53-13+08-00-full-term-1,data/cuhk-timetable/snapshots/2026-08-15T01-53-13+08-00-full-term-1/raw/2420/DIPL.json
subject,DOTE,2420,,,historical_fallback,Latest query was invalid/blank; records use the previous snapshot and may be stale.,2,2026-08-14T18:01:18.482Z,2026-08-14T18:01:28.457Z,2026-08-15T00-47-47+08-00,archive/legacy-snapshots/2026-08-15T00-47-47+08-00/raw/2420/DOTE.json
subject,DSPS,2420,,,data,,1,2026-08-14T18:01:28.458Z,2026-08-14T18:01:33.248Z,2026-08-15T01-53-13+08-00-full-term-1,data/cuhk-timetable/snapshots/2026-08-15T01-53-13+08-00-full-term-1/raw/2420/DSPS.json
subject,ECON,2420,,,data,,2,2026-08-14T18:01:33.248Z,2026-08-14T18:01:43.266Z,2026-08-15T01-53-13+08-00-full-term-1,data/cuhk-timetable/snapshots/2026-08-15T01-53-13+08-00-full-term-1/raw/2420/ECON.json
subject,EDUC,2420,,,data,,1,2026-08-14T18:01:47.319Z,2026-08-14T18:01:52.046Z,2026-08-15T01-53-13+08-00-full-term-1,data/cuhk-timetable/snapshots/2026-08-15T01-53-13+08-00-full-term-1/raw/2420/EDUC.json
subject,EEEN,2420,,,data,,1,2026-08-14T18:01:52.047Z,2026-08-14T18:01:56.578Z,2026-08-15T01-53-13+08-00-full-term-1,data/cuhk-timetable/snapshots/2026-08-15T01-53-13+08-00-full-term-1/raw/2420/EEEN.json
subject,EESC,2420,,,data,,1,2026-08-14T18:01:56.578Z,2026-08-14T18:02:01.493Z,2026-08-15T01-53-13+08-00-full-term-1,data/cuhk-timetable/snapshots/2026-08-15T01-53-13+08-00-full-term-1/raw/2420/EESC.json
subject,ELED,2420,,,data,,1,2026-08-14T18:02:01.494Z,2026-08-14T18:02:06.178Z,2026-08-15T01-53-13+08-00-full-term-1,data/cuhk-timetable/snapshots/2026-08-15T01-53-13+08-00-full-term-1/raw/2420/ELED.json
subject,ELEG,2420,,,historical_fallback,Latest query was invalid/blank; records use the previous snapshot and may be stale.,2,2026-08-14T18:02:06.237Z,2026-08-14T18:02:16.050Z,2026-08-15T00-47-47+08-00,archive/legacy-snapshots/2026-08-15T00-47-47+08-00/raw/2420/ELEG.json
subject,ELTU,2420,,,school_approval_required,"Per confirmed project rule, this subject requires school approval; absence of public rows is not treated as a collection gap.",2,2026-08-14T18:02:16.051Z,2026-08-14T18:02:28.197Z,2026-08-15T01-53-13+08-00-full-term-1,data/cuhk-timetable/snapshots/2026-08-15T01-53-13+08-00-full-term-1/raw/2420/ELTU.json
subject,ENGE,2420,,,historical_fallback,Latest query was invalid/blank; records use the previous snapshot and may be stale.,2,2026-08-14T18:02:28.197Z,2026-08-14T18:02:42.233Z,2026-08-15T00-47-47+08-00,archive/legacy-snapshots/2026-08-15T00-47-47+08-00/raw/2420/ENGE.json
subject,ENGG,2420,,,data,Complete result grid recaptured from the official public timetable.,2,2026-08-14T18:03:09.684Z,2026-08-14T18:03:23.656Z,2026-08-15T18-34-00+08-00-gap-recapture,data/cuhk-timetable/snapshots/2026-08-15T18-34-00+08-00-gap-recapture/raw/2420/ENGG.json
subject,EPIN,2420,,,data,,1,2026-08-14T18:03:27.398Z,2026-08-14T18:03:32.972Z,2026-08-15T01-53-13+08-00-full-term-1,data/cuhk-timetable/snapshots/2026-08-15T01-53-13+08-00-full-term-1/raw/2420/EPIN.json
subject,ESTR,2420,,,historical_fallback,Latest query was invalid/blank; records use the previous snapshot and may be stale.,2,2026-08-14T18:03:33.023Z,2026-08-14T18:03:44.749Z,2026-08-15T00-47-47+08-00,archive/legacy-snapshots/2026-08-15T00-47-47+08-00/raw/2420/ESTR.json
subject,FAAS,2420,,,data,,2,2026-08-14T18:03:44.791Z,2026-08-14T18:03:55.893Z,2026-08-15T01-53-13+08-00-full-term-1,data/cuhk-timetable/snapshots/2026-08-15T01-53-13+08-00-full-term-1/raw/2420/FAAS.json
subject,FINA,2420,,,data,,2,2026-08-14T18:03:55.953Z,2026-08-14T18:04:06.900Z,2026-08-15T01-53-13+08-00-full-term-1,data/cuhk-timetable/snapshots/2026-08-15T01-53-13+08-00-full-term-1/raw/2420/FINA.json
subject,FNSC,2420,,,data,,1,2026-08-14T18:04:06.945Z,2026-08-14T18:04:12.293Z,2026-08-15T01-53-13+08-00-full-term-1,data/cuhk-timetable/snapshots/2026-08-15T01-53-13+08-00-full-term-1/raw/2420/FNSC.json
subject,FREN,2420,,,data,,1,2026-08-14T18:04:17.698Z,2026-08-14T18:04:22.836Z,2026-08-15T01-53-13+08-00-full-term-1,data/cuhk-timetable/snapshots/2026-08-15T01-53-13+08-00-full-term-1/raw/2420/FREN.json
subject,FTEC,2420,,,data,,1,2026-08-14T18:04:22.882Z,2026-08-14T18:04:27.912Z,2026-08-15T01-53-13+08-00-full-term-1,data/cuhk-timetable/snapshots/2026-08-15T01-53-13+08-00-full-term-1/raw/2420/FTEC.json
subject,GDRS,2420,,,data,,1,2026-08-14T18:04:27.964Z,2026-08-14T18:04:33.477Z,2026-08-15T01-53-13+08-00-full-term-1,data/cuhk-timetable/snapshots/2026-08-15T01-53-13+08-00-full-term-1/raw/2420/GDRS.json
subject,GECC,2420,,,data,Complete result grid recaptured from the official public timetable.,2,2026-08-14T18:04:33.548Z,2026-08-14T18:04:44.594Z,2026-08-15T18-34-00+08-00-gap-recapture,data/cuhk-timetable/snapshots/2026-08-15T18-34-00+08-00-gap-recapture/raw/2420/GECC.json
subject,GECW,2420,,,data,,1,2026-08-14T18:04:44.661Z,2026-08-14T18:04:49.605Z,2026-08-15T01-53-13+08-00-full-term-1,data/cuhk-timetable/snapshots/2026-08-15T01-53-13+08-00-full-term-1/raw/2420/GECW.json
subject,GEMC,2420,,,data,,1,2026-08-14T18:04:49.649Z,2026-08-14T18:04:54.653Z,2026-08-15T01-53-13+08-00-full-term-1,data/cuhk-timetable/snapshots/2026-08-15T01-53-13+08-00-full-term-1/raw/2420/GEMC.json
subject,GENA,2420,,,data,,1,2026-08-14T18:05:00.710Z,2026-08-14T18:05:05.988Z,2026-08-15T01-53-13+08-00-full-term-1,data/cuhk-timetable/snapshots/2026-08-15T01-53-13+08-00-full-term-1/raw/2420/GENA.json
subject,GERM,2420,,,data,,1,2026-08-14T18:05:06.033Z,2026-08-14T18:05:11.845Z,2026-08-15T01-53-13+08-00-full-term-1,data/cuhk-timetable/snapshots/2026-08-15T01-53-13+08-00-full-term-1/raw/2420/GERM.json
subject,GESC,2420,,,data,,1,2026-08-14T18:05:11.884Z,2026-08-14T18:05:17.097Z,2026-08-15T01-53-13+08-00-full-term-1,data/cuhk-timetable/snapshots/2026-08-15T01-53-13+08-00-full-term-1/raw/2420/GESC.json
subject,GESH,2420,,,data,,1,2026-08-14T18:05:17.141Z,2026-08-14T18:05:22.186Z,2026-08-15T01-53-13+08-00-full-term-1,data/cuhk-timetable/snapshots/2026-08-15T01-53-13+08-00-full-term-1/raw/2420/GESH.json
subject,GEUC,2420,,,data,,1,2026-08-14T18:05:22.231Z,2026-08-14T18:05:27.600Z,2026-08-15T01-53-13+08-00-full-term-1,data/cuhk-timetable/snapshots/2026-08-15T01-53-13+08-00-full-term-1/raw/2420/GEUC.json
subject,GEWS,2420,,,data,,1,2026-08-14T18:05:27.659Z,2026-08-14T18:05:32.553Z,2026-08-15T01-53-13+08-00-full-term-1,data/cuhk-timetable/snapshots/2026-08-15T01-53-13+08-00-full-term-1/raw/2420/GEWS.json
subject,GEYS,2420,,,data,,1,2026-08-14T18:05:32.600Z,2026-08-14T18:05:37.438Z,2026-08-15T01-53-13+08-00-full-term-1,data/cuhk-timetable/snapshots/2026-08-15T01-53-13+08-00-full-term-1/raw/2420/GEYS.json
subject,GLEF,2420,,,data,,1,2026-08-14T18:05:37.496Z,2026-08-14T18:05:42.512Z,2026-08-15T01-53-13+08-00-full-term-1,data/cuhk-timetable/snapshots/2026-08-15T01-53-13+08-00-full-term-1/raw/2420/GLEF.json
subject,GLSD,2420,,,data,,1,2026-08-14T18:05:45.528Z,2026-08-14T18:05:50.404Z,2026-08-15T01-53-13+08-00-full-term-1,data/cuhk-timetable/snapshots/2026-08-15T01-53-13+08-00-full-term-1/raw/2420/GLSD.json
subject,GPAD,2420,,,data,,1,2026-08-14T18:05:50.461Z,2026-08-14T18:05:55.599Z,2026-08-15T01-53-13+08-00-full-term-1,data/cuhk-timetable/snapshots/2026-08-15T01-53-13+08-00-full-term-1/raw/2420/GPAD.json
subject,GPSU,2420,,,school_approval_required,"Per confirmed project rule, this subject requires school approval; absence of public rows is not treated as a collection gap.",2,2026-08-14T18:05:55.655Z,2026-08-14T18:06:06.924Z,2026-08-15T01-53-13+08-00-full-term-1,data/cuhk-timetable/snapshots/2026-08-15T01-53-13+08-00-full-term-1/raw/2420/GPSU.json
subject,GRMD,2420,,,data,,1,2026-08-14T18:06:06.982Z,2026-08-14T18:06:12.229Z,2026-08-15T01-53-13+08-00-full-term-1,data/cuhk-timetable/snapshots/2026-08-15T01-53-13+08-00-full-term-1/raw/2420/GRMD.json
subject,GRON,2420,,,data,,1,2026-08-14T18:06:12.274Z,2026-08-14T18:06:17.559Z,2026-08-15T01-53-13+08-00-full-term-1,data/cuhk-timetable/snapshots/2026-08-15T01-53-13+08-00-full-term-1/raw/2420/GRON.json
subject,HIST,2420,,,data,,2,2026-08-14T18:06:17.612Z,2026-08-14T18:06:28.429Z,2026-08-15T01-53-13+08-00-full-term-1,data/cuhk-timetable/snapshots/2026-08-15T01-53-13+08-00-full-term-1/raw/2420/HIST.json
subject,HKSL,2420,,,data,,1,2026-08-14T18:06:28.473Z,2026-08-14T18:06:33.394Z,2026-08-15T01-53-13+08-00-full-term-1,data/cuhk-timetable/snapshots/2026-08-15T01-53-13+08-00-full-term-1/raw/2420/HKSL.json
subject,HTMG,2420,,,data,,1,2026-08-14T18:06:33.466Z,2026-08-14T18:06:38.773Z,2026-08-15T01-53-13+08-00-full-term-1,data/cuhk-timetable/snapshots/2026-08-15T01-53-13+08-00-full-term-1/raw/2420/HTMG.json
subject,IASP,2420,,,data,,1,2026-08-14T18:06:44.528Z,2026-08-14T18:06:49.352Z,2026-08-15T01-53-13+08-00-full-term-1,data/cuhk-timetable/snapshots/2026-08-15T01-53-13+08-00-full-term-1/raw/2420/IASP.json
subject,IBBA,2420,,,data,,1,2026-08-14T18:06:49.421Z,2026-08-14T18:06:54.524Z,2026-08-15T01-53-13+08-00-full-term-1,data/cuhk-timetable/snapshots/2026-08-15T01-53-13+08-00-full-term-1/raw/2420/IBBA.json
subject,IERG,2420,,,historical_fallback,Latest query was invalid/blank; records use the previous snapshot and may be stale.,2,2026-08-14T18:06:54.587Z,2026-08-14T18:07:05.604Z,2026-08-15T00-47-47+08-00,archive/legacy-snapshots/2026-08-15T00-47-47+08-00/raw/2420/IERG.json
subject,IMSC,2420,,,data,,1,2026-08-14T18:07:05.654Z,2026-08-14T18:07:10.646Z,2026-08-15T01-53-13+08-00-full-term-1,data/cuhk-timetable/snapshots/2026-08-15T01-53-13+08-00-full-term-1/raw/2420/IMSC.json
subject,ITAL,2420,,,data,,1,2026-08-14T18:07:10.689Z,2026-08-14T18:07:15.561Z,2026-08-15T01-53-13+08-00-full-term-1,data/cuhk-timetable/snapshots/2026-08-15T01-53-13+08-00-full-term-1/raw/2420/ITAL.json
subject,JASP,2420,,,historical_fallback,Latest query was invalid/blank; records use the previous snapshot and may be stale.,2,2026-08-14T18:07:15.619Z,2026-08-14T18:07:26.664Z,2026-08-15T00-47-47+08-00,archive/legacy-snapshots/2026-08-15T00-47-47+08-00/raw/2420/JASP.json
subject,KORE,2420,,,data,,1,2026-08-14T18:07:26.709Z,2026-08-14T18:07:31.811Z,2026-08-15T01-53-13+08-00-full-term-1,data/cuhk-timetable/snapshots/2026-08-15T01-53-13+08-00-full-term-1/raw/2420/KORE.json
subject,LAWS,2420,,,data,,2,2026-08-14T18:07:31.858Z,2026-08-14T18:07:42.645Z,2026-08-15T01-53-13+08-00-full-term-1,data/cuhk-timetable/snapshots/2026-08-15T01-53-13+08-00-full-term-1/raw/2420/LAWS.json
subject,LDTE,2420,,,data,,1,2026-08-14T18:07:46.759Z,2026-08-14T18:07:51.521Z,2026-08-15T01-53-13+08-00-full-term-1,data/cuhk-timetable/snapshots/2026-08-15T01-53-13+08-00-full-term-1/raw/2420/LDTE.json
subject,LING,2420,,,data,,1,2026-08-14T18:07:51.558Z,2026-08-14T18:07:56.839Z,2026-08-15T01-53-13+08-00-full-term-1,data/cuhk-timetable/snapshots/2026-08-15T01-53-13+08-00-full-term-1/raw/2420/LING.json
subject,LSCI,2420,,,data,,1,2026-08-14T18:07:56.881Z,2026-08-14T18:08:01.851Z,2026-08-15T01-53-13+08-00-full-term-1,data/cuhk-timetable/snapshots/2026-08-15T01-53-13+08-00-full-term-1/raw/2420/LSCI.json
subject,MAEG,2420,,,data,,1,2026-08-14T18:08:01.909Z,2026-08-14T18:08:07.245Z,2026-08-15T01-53-13+08-00-full-term-1,data/cuhk-timetable/snapshots/2026-08-15T01-53-13+08-00-full-term-1/raw/2420/MAEG.json
subject,MASE,2420,,,data,,1,2026-08-14T18:08:07.289Z,2026-08-14T18:08:12.746Z,2026-08-15T01-53-13+08-00-full-term-1,data/cuhk-timetable/snapshots/2026-08-15T01-53-13+08-00-full-term-1/raw/2420/MASE.json
subject,MATH,2420,,,historical_fallback,Latest query was invalid/blank; records use the previous snapshot and may be stale.,2,2026-08-14T18:08:12.790Z,2026-08-14T18:08:23.986Z,2026-08-15T00-47-47+08-00,archive/legacy-snapshots/2026-08-15T00-47-47+08-00/raw/2420/MATH.json
subject,MBTE,2420,,,data,,1,2026-08-14T18:08:24.028Z,2026-08-14T18:08:28.936Z,2026-08-15T01-53-13+08-00-full-term-1,data/cuhk-timetable/snapshots/2026-08-15T01-53-13+08-00-full-term-1/raw/2420/MBTE.json
subject,MEDF,2420,,,data,,1,2026-08-14T18:08:29.001Z,2026-08-14T18:08:34.210Z,2026-08-15T01-53-13+08-00-full-term-1,data/cuhk-timetable/snapshots/2026-08-15T01-53-13+08-00-full-term-1/raw/2420/MEDF.json
subject,MEDU,2420,,,data,,1,2026-08-14T18:08:37.925Z,2026-08-14T18:08:43.138Z,2026-08-15T01-53-13+08-00-full-term-1,data/cuhk-timetable/snapshots/2026-08-15T01-53-13+08-00-full-term-1/raw/2420/MEDU.json
subject,MGNT,2420,,,data,,1,2026-08-14T18:08:43.187Z,2026-08-14T18:08:48.176Z,2026-08-15T01-53-13+08-00-full-term-1,data/cuhk-timetable/snapshots/2026-08-15T01-53-13+08-00-full-term-1/raw/2420/MGNT.json
subject,MIEG,2420,,,data,,1,2026-08-14T18:08:48.219Z,2026-08-14T18:08:53.115Z,2026-08-15T01-53-13+08-00-full-term-1,data/cuhk-timetable/snapshots/2026-08-15T01-53-13+08-00-full-term-1/raw/2420/MIEG.json
subject,MKTG,2420,,,data,,1,2026-08-14T18:08:53.185Z,2026-08-14T18:08:58.438Z,2026-08-15T01-53-13+08-00-full-term-1,data/cuhk-timetable/snapshots/2026-08-15T01-53-13+08-00-full-term-1/raw/2420/MKTG.json
subject,MUSC,2420,,,data,,1,2026-08-14T18:08:58.483Z,2026-08-14T18:09:03.892Z,2026-08-15T01-53-13+08-00-full-term-1,data/cuhk-timetable/snapshots/2026-08-15T01-53-13+08-00-full-term-1/raw/2420/MUSC.json
subject,NSCI,2420,,,data,,1,2026-08-14T18:09:03.937Z,2026-08-14T18:09:09.105Z,2026-08-15T01-53-13+08-00-full-term-1,data/cuhk-timetable/snapshots/2026-08-15T01-53-13+08-00-full-term-1/raw/2420/NSCI.json
subject,NURS,2420,,,school_approval_required,"Per confirmed project rule, this subject requires school approval; absence of public rows is not treated as a collection gap.",2,2026-08-14T18:09:09.158Z,2026-08-14T18:09:21.431Z,2026-08-15T01-53-13+08-00-full-term-1,data/cuhk-timetable/snapshots/2026-08-15T01-53-13+08-00-full-term-1/raw/2420/NURS.json
subject,PHAR,2420,,,data,,1,2026-08-14T18:09:21.491Z,2026-08-14T18:09:27.063Z,2026-08-15T01-53-13+08-00-full-term-1,data/cuhk-timetable/snapshots/2026-08-15T01-53-13+08-00-full-term-1/raw/2420/PHAR.json
subject,PHED,2420,,,historical_fallback,Latest query was invalid/blank; records use the previous snapshot and may be stale.,2,2026-08-14T18:09:30.258Z,2026-08-14T18:09:41.674Z,2026-08-15T00-47-47+08-00,archive/legacy-snapshots/2026-08-15T00-47-47+08-00/raw/2420/PHED.json
subject,PHIL,2420,,,data,,2,2026-08-14T18:09:41.737Z,2026-08-14T18:09:52.914Z,2026-08-15T01-53-13+08-00-full-term-1,data/cuhk-timetable/snapshots/2026-08-15T01-53-13+08-00-full-term-1/raw/2420/PHIL.json
subject,PHPC,2420,,,data,,1,2026-08-14T18:09:52.982Z,2026-08-14T18:09:57.920Z,2026-08-15T01-53-13+08-00-full-term-1,data/cuhk-timetable/snapshots/2026-08-15T01-53-13+08-00-full-term-1/raw/2420/PHPC.json
subject,PHYS,2420,,,data,,1,2026-08-14T18:09:57.957Z,2026-08-14T18:10:06.833Z,2026-08-15T01-53-13+08-00-full-term-1,data/cuhk-timetable/snapshots/2026-08-15T01-53-13+08-00-full-term-1/raw/2420/PHYS.json
subject,PSYC,2420,,,data,,1,2026-08-14T18:10:16.860Z,2026-08-14T18:10:26.556Z,2026-08-15T01-53-13+08-00-full-term-1,data/cuhk-timetable/snapshots/2026-08-15T01-53-13+08-00-full-term-1/raw/2420/PSYC.json
subject,RMSC,2420,,,data,,1,2026-08-14T18:10:36.587Z,2026-08-14T18:10:46.457Z,2026-08-15T01-53-13+08-00-full-term-1,data/cuhk-timetable/snapshots/2026-08-15T01-53-13+08-00-full-term-1/raw/2420/RMSC.json
subject,RUSS,2420,,,data,,1,2026-08-14T18:10:56.488Z,2026-08-14T18:11:06.547Z,2026-08-15T01-53-13+08-00-full-term-1,data/cuhk-timetable/snapshots/2026-08-15T01-53-13+08-00-full-term-1/raw/2420/RUSS.json
subject,SBMS,2420,,,data,,1,2026-08-14T18:11:16.572Z,2026-08-14T18:11:26.201Z,2026-08-15T01-53-13+08-00-full-term-1,data/cuhk-timetable/snapshots/2026-08-15T01-53-13+08-00-full-term-1/raw/2420/SBMS.json
subject,SEEM,2420,,,data,,1,2026-08-14T18:11:39.182Z,2026-08-14T18:11:49.061Z,2026-08-15T01-53-13+08-00-full-term-1,data/cuhk-timetable/snapshots/2026-08-15T01-53-13+08-00-full-term-1/raw/2420/SEEM.json
subject,SOCI,2420,,,data,,1,2026-08-14T18:11:59.082Z,2026-08-14T18:12:08.313Z,2026-08-15T01-53-13+08-00-full-term-1,data/cuhk-timetable/snapshots/2026-08-15T01-53-13+08-00-full-term-1/raw/2420/SOCI.json
subject,SOSC,2420,,,data,,1,2026-08-14T18:12:18.339Z,2026-08-14T18:12:27.961Z,2026-08-15T01-53-13+08-00-full-term-1,data/cuhk-timetable/snapshots/2026-08-15T01-53-13+08-00-full-term-1/raw/2420/SOSC.json
subject,SOWK,2420,,,data,,1,2026-08-14T18:12:37.992Z,2026-08-14T18:12:46.882Z,2026-08-15T01-53-13+08-00-full-term-1,data/cuhk-timetable/snapshots/2026-08-15T01-53-13+08-00-full-term-1/raw/2420/SOWK.json
subject,SPAN,2420,,,data,,1,2026-08-14T18:12:56.911Z,2026-08-14T18:13:02.463Z,2026-08-15T01-53-13+08-00-full-term-1,data/cuhk-timetable/snapshots/2026-08-15T01-53-13+08-00-full-term-1/raw/2420/SPAN.json
subject,SPED,2420,,,data,,1,2026-08-14T18:13:02.527Z,2026-08-14T18:13:07.972Z,2026-08-15T01-53-13+08-00-full-term-1,data/cuhk-timetable/snapshots/2026-08-15T01-53-13+08-00-full-term-1/raw/2420/SPED.json
subject,SSMU,2420,,,school_approval_required,"Per confirmed project rule, this subject requires school approval; absence of public rows is not treated as a collection gap.",2,2026-08-14T18:13:08.030Z,2026-08-14T18:13:26.724Z,2026-08-15T01-53-13+08-00-full-term-1,data/cuhk-timetable/snapshots/2026-08-15T01-53-13+08-00-full-term-1/raw/2420/SSMU.json
subject,STAR,2420,,,data,,1,2026-08-14T18:13:36.752Z,2026-08-14T18:13:46.269Z,2026-08-15T01-53-13+08-00-full-term-1,data/cuhk-timetable/snapshots/2026-08-15T01-53-13+08-00-full-term-1/raw/2420/STAR.json
subject,STAT,2420,,,data,,1,2026-08-14T18:13:59.370Z,2026-08-14T18:14:09.886Z,2026-08-15T01-53-13+08-00-full-term-1,data/cuhk-timetable/snapshots/2026-08-15T01-53-13+08-00-full-term-1/raw/2420/STAT.json
subject,THAI,2420,,,data,,1,2026-08-14T18:14:19.909Z,2026-08-14T18:14:29.990Z,2026-08-15T01-53-13+08-00-full-term-1,data/cuhk-timetable/snapshots/2026-08-15T01-53-13+08-00-full-term-1/raw/2420/THAI.json
subject,THEO,2420,,,data,,1,2026-08-14T18:14:40.018Z,2026-08-14T18:14:49.766Z,2026-08-15T01-53-13+08-00-full-term-1,data/cuhk-timetable/snapshots/2026-08-15T01-53-13+08-00-full-term-1/raw/2420/THEO.json
subject,TRAN,2420,,,data,,1,2026-08-14T18:14:59.795Z,2026-08-14T18:15:09.675Z,2026-08-15T01-53-13+08-00-full-term-1,data/cuhk-timetable/snapshots/2026-08-15T01-53-13+08-00-full-term-1/raw/2420/TRAN.json
subject,UGCP,2420,,,data,,1,2026-08-14T18:15:11.754Z,2026-08-14T18:15:17.621Z,2026-08-15T01-53-13+08-00-full-term-1,data/cuhk-timetable/snapshots/2026-08-15T01-53-13+08-00-full-term-1/raw/2420/UGCP.json
subject,UGEA,2420,,,data,,1,2026-08-14T18:15:17.669Z,2026-08-14T18:15:22.758Z,2026-08-15T01-53-13+08-00-full-term-1,data/cuhk-timetable/snapshots/2026-08-15T01-53-13+08-00-full-term-1/raw/2420/UGEA.json
subject,UGEB,2420,,,data,,1,2026-08-14T18:15:22.805Z,2026-08-14T18:15:28.006Z,2026-08-15T01-53-13+08-00-full-term-1,data/cuhk-timetable/snapshots/2026-08-15T01-53-13+08-00-full-term-1/raw/2420/UGEB.json
subject,UGEC,2420,,,data,,1,2026-08-14T18:15:28.081Z,2026-08-14T18:15:33.391Z,2026-08-15T01-53-13+08-00-full-term-1,data/cuhk-timetable/snapshots/2026-08-15T01-53-13+08-00-full-term-1/raw/2420/UGEC.json
subject,UGED,2420,,,data,,2,2026-08-14T18:15:36.452Z,2026-08-14T18:15:51.964Z,2026-08-15T01-53-13+08-00-full-term-1,data/cuhk-timetable/snapshots/2026-08-15T01-53-13+08-00-full-term-1/raw/2420/UGED.json
subject,UGFH,2420,,,data,,1,2026-08-14T18:16:01.990Z,2026-08-14T18:16:10.957Z,2026-08-15T01-53-13+08-00-full-term-1,data/cuhk-timetable/snapshots/2026-08-15T01-53-13+08-00-full-term-1/raw/2420/UGFH.json
subject,UGFN,2420,,,data,,1,2026-08-14T18:16:20.984Z,2026-08-14T18:16:30.124Z,2026-08-15T01-53-13+08-00-full-term-1,data/cuhk-timetable/snapshots/2026-08-15T01-53-13+08-00-full-term-1/raw/2420/UGFN.json
subject,URSP,2420,,,data,,1,2026-08-14T18:16:40.149Z,2026-08-14T18:16:49.544Z,2026-08-15T01-53-13+08-00-full-term-1,data/cuhk-timetable/snapshots/2026-08-15T01-53-13+08-00-full-term-1/raw/2420/URSP.json
