course_code,subject_code,class_count,class_details_captured,class_details_missing,quota_rows_captured,catalog_status,overall_status
ACCT1111,ACCT,3,3,0,1,captured,complete
ACCT2111,ACCT,5,5,0,5,captured,complete
ACCT2121,ACCT,3,3,0,0,captured,complete
ACCT2151,ACCT,3,3,0,0,captured,complete
ACCT3111,ACCT,1,1,0,0,captured,complete
ACCT3112,ACCT,3,3,0,0,captured,complete
ACCT3121,ACCT,3,3,0,0,captured,complete
ACCT3142,ACCT,2,2,0,0,captured,complete
ACCT3151,ACCT,2,2,0,0,captured,complete
ACCT3152,ACCT,1,1,0,0,captured,complete
ACCT3161,ACCT,2,0,2,0,not_collected,partial
ACCT3241,ACCT,1,0,1,0,not_collected,partial
ACCT4001,ACCT,2,0,2,0,not_collected,partial
ACCT4111,ACCT,3,0,3,0,not_collected,partial
ACCT4131,ACCT,3,0,3,0,not_collected,partial
ACCT4215,ACCT,1,0,1,0,not_collected,partial
ACCT4244,ACCT,1,0,1,0,not_collected,partial
ACCT4262,ACCT,1,0,1,0,not_collected,partial
ACCT4290,ACCT,1,0,1,0,not_collected,partial
AIST1000,AIST,1,0,1,0,not_collected,partial
AIST2010,AIST,1,0,1,0,not_collected,partial
AIST3030,AIST,1,0,1,0,not_collected,partial
AIST4010,AIST,1,0,1,0,not_collected,partial
AIST4040,AIST,1,0,1,0,not_collected,partial
AIST4998,AIST,43,0,43,0,not_collected,partial
AIST4999,AIST,1,0,1,0,not_collected,partial
ANTH1010,ANTH,1,0,1,0,not_collected,partial
ANTH1020,ANTH,1,0,1,0,not_collected,partial
ANTH1100,ANTH,1,0,1,0,not_collected,partial
ANTH1410,ANTH,1,0,1,0,not_collected,partial
ANTH2110,ANTH,1,0,1,0,not_collected,partial
ANTH2350,ANTH,1,0,1,0,not_collected,partial
ANTH2360,ANTH,1,0,1,0,not_collected,partial
ANTH2370,ANTH,1,0,1,0,not_collected,partial
ANTH2403,ANTH,1,0,1,0,not_collected,partial
ANTH2420,ANTH,1,0,1,0,not_collected,partial
ANTH2550,ANTH,1,0,1,0,not_collected,partial
ANTH2710,ANTH,1,0,1,0,not_collected,partial
ANTH2720,ANTH,1,0,1,0,not_collected,partial
ANTH2810,ANTH,1,0,1,0,not_collected,partial
ANTH3321,ANTH,1,0,1,0,not_collected,partial
ANTH3323,ANTH,2,0,2,0,not_collected,partial
ANTH3350,ANTH,1,0,1,0,not_collected,partial
ANTH4300,ANTH,1,0,1,0,not_collected,partial
ANTH4301,ANTH,1,0,1,0,not_collected,partial
ANTH4321,ANTH,1,0,1,0,not_collected,partial
ARAB1000,ARAB,2,0,2,0,not_collected,partial
ARCH2111,ARCH,4,0,4,0,not_collected,partial
ARCH2222,ARCH,1,0,1,0,not_collected,partial
ARCH2322,ARCH,1,0,1,0,not_collected,partial
ARCH3113,ARCH,3,0,3,0,not_collected,partial
ARCH3321,ARCH,1,0,1,0,not_collected,partial
ARCH4115,ARCH,4,0,4,0,not_collected,partial
ARCH4131,ARCH,1,0,1,0,not_collected,partial
ARCH4331,ARCH,1,0,1,0,not_collected,partial
ARCH4425,ARCH,1,0,1,0,not_collected,partial
ARCH4431,ARCH,1,0,1,0,not_collected,partial
ASEI3010,ASEI,1,0,1,0,not_collected,partial
ASEI3020,ASEI,1,0,1,0,not_collected,partial
BCHE2030,BCHE,1,0,1,0,not_collected,partial
BCHE2070,BCHE,1,0,1,0,not_collected,partial
BCHE3030,BCHE,1,0,1,0,not_collected,partial
BCHE3092,BCHE,7,0,7,0,not_collected,partial
BCHE3730,BCHE,1,0,1,0,not_collected,partial
BCHE4040,BCHE,1,0,1,0,not_collected,partial
BCHE4060,BCHE,1,0,1,0,not_collected,partial
BCHE4080,BCHE,1,0,1,0,not_collected,partial
BCHE4760,BCHE,1,0,1,0,not_collected,partial
BCHE4902,BCHE,1,0,1,0,not_collected,partial
BCME1206,BCME,1,0,1,0,not_collected,partial
BCME1403,BCME,1,0,1,0,not_collected,partial
BCME1600,BCME,1,0,1,0,not_collected,partial
BCME2103,BCME,1,0,1,0,not_collected,partial
BCME2107,BCME,1,0,1,0,not_collected,partial
BCME2202,BCME,1,0,1,0,not_collected,partial
BCME2209,BCME,1,0,1,0,not_collected,partial
BCME2401,BCME,1,0,1,0,not_collected,partial
BCME2402,BCME,1,0,1,0,not_collected,partial
BCME2403,BCME,1,0,1,0,not_collected,partial
BCME2405,BCME,1,0,1,0,not_collected,partial
BCME3102,BCME,1,0,1,0,not_collected,partial
BCME3103,BCME,1,0,1,0,not_collected,partial
BCME3106,BCME,1,0,1,0,not_collected,partial
BCME3108,BCME,1,0,1,0,not_collected,partial
BCME3110,BCME,1,0,1,0,not_collected,partial
BCME3208,BCME,1,0,1,0,not_collected,partial
BCME4103,BCME,1,0,1,0,not_collected,partial
BCME4107,BCME,1,0,1,0,not_collected,partial
BCME4108,BCME,1,0,1,0,not_collected,partial
BCME4109,BCME,1,0,1,0,not_collected,partial
BCME4200,BCME,1,0,1,0,not_collected,partial
BECE2110,BECE,1,0,1,0,not_collected,partial
BECE2210,BECE,1,0,1,0,not_collected,partial
BECE2310,BECE,1,0,1,0,not_collected,partial
BECE2330,BECE,1,0,1,0,not_collected,partial
BECE2510,BECE,1,0,1,0,not_collected,partial
BECE3110,BECE,1,0,1,0,not_collected,partial
BECE3160,BECE,1,0,1,0,not_collected,partial
BECE3220,BECE,1,0,1,0,not_collected,partial
BECE4020,BECE,1,0,1,0,not_collected,partial
BEHM4000,BEHM,1,0,1,0,not_collected,partial
BEHM4001,BEHM,1,0,1,0,not_collected,partial
BEHM4002,BEHM,1,0,1,0,not_collected,partial
BIOL2120,BIOL,1,0,1,0,not_collected,partial
BIOL3012,BIOL,2,0,2,0,not_collected,partial
BIOL3410,BIOL,1,0,1,0,not_collected,partial
BIOL3510,BIOL,1,0,1,0,not_collected,partial
BIOL3560,BIOL,1,0,1,0,not_collected,partial
BIOL3610,BIOL,1,0,1,0,not_collected,partial
BIOL3630,BIOL,1,0,1,0,not_collected,partial
BIOL3710,BIOL,1,0,1,0,not_collected,partial
BIOL4010,BIOL,1,0,1,0,not_collected,partial
BIOL4012,BIOL,1,0,1,0,not_collected,partial
BIOL4120,BIOL,1,0,1,0,not_collected,partial
BIOL4230,BIOL,1,0,1,0,not_collected,partial
BIOL4240,BIOL,1,0,1,0,not_collected,partial
BIOL4242,BIOL,1,0,1,0,not_collected,partial
BIOL4610,BIOL,1,0,1,0,not_collected,partial
BIOL4902,BIOL,1,0,1,0,not_collected,partial
BIOL4906,BIOL,1,0,1,0,not_collected,partial
BMBL1001,BMBL,1,0,1,0,not_collected,partial
BMBL2001,BMBL,1,0,1,0,not_collected,partial
BMBL2003,BMBL,1,0,1,0,not_collected,partial
BMBL2004,BMBL,1,0,1,0,not_collected,partial
BMBL3002,BMBL,1,0,1,0,not_collected,partial
BMBL4101,BMBL,1,0,1,0,not_collected,partial
BMBL4102,BMBL,1,0,1,0,not_collected,partial
BMBL4201,BMBL,1,0,1,0,not_collected,partial
BMED3011,BMED,1,0,1,0,not_collected,partial
BMED3021,BMED,1,0,1,0,not_collected,partial
BMED3031,BMED,1,0,1,0,not_collected,partial
BMED3051,BMED,1,0,1,0,not_collected,partial
BMED3091,BMED,1,0,1,0,not_collected,partial
BMEG2001,BMEG,1,0,1,0,not_collected,partial
BMEG2210,BMEG,1,0,1,0,not_collected,partial
BMEG2410,BMEG,1,0,1,0,not_collected,partial
BMEG3103,BMEG,1,0,1,0,not_collected,partial
BMEG3105,BMEG,1,0,1,0,not_collected,partial
BMEG3111,BMEG,1,0,1,0,not_collected,partial
BMEG3140,BMEG,1,0,1,0,not_collected,partial
BMEG3320,BMEG,1,0,1,0,not_collected,partial
BMEG3330,BMEG,1,0,1,0,not_collected,partial
BMEG3430,BMEG,1,0,1,0,not_collected,partial
BMEG3910,BMEG,3,0,3,0,not_collected,partial
BMEG4220,BMEG,1,0,1,0,not_collected,partial
BMEG4998,BMEG,24,0,24,0,not_collected,partial
BMEG4999,BMEG,3,0,3,0,not_collected,partial
CDAS4998,CDAS,16,0,16,0,not_collected,partial
CDAS4999,CDAS,1,0,1,0,not_collected,partial
CENG2010,CENG,1,0,1,0,not_collected,partial
CENG2400,CENG,1,0,1,0,not_collected,partial
CENG4480,CENG,1,0,1,0,not_collected,partial
CENG4998,CENG,43,0,43,0,not_collected,partial
CENG4999,CENG,1,0,1,0,not_collected,partial
CHED3160,CHED,1,0,1,0,not_collected,partial
CHED4150,CHED,1,0,1,0,not_collected,partial
CHED4210,CHED,1,0,1,0,not_collected,partial
CHED4310,CHED,1,0,1,0,not_collected,partial
CHED4330,CHED,1,0,1,0,not_collected,partial
CHED4340,CHED,1,0,1,0,not_collected,partial
CHED4360,CHED,1,0,1,0,not_collected,partial
CHED4410,CHED,1,0,1,0,not_collected,partial
CHED4510,CHED,1,0,1,0,not_collected,partial
CHED4520,CHED,1,0,1,0,not_collected,partial
CHED4530,CHED,1,0,1,0,not_collected,partial
CHEM1070,CHEM,1,0,1,0,not_collected,partial
CHEM1072,CHEM,1,0,1,0,not_collected,partial
CHEM1280,CHEM,1,0,1,0,not_collected,partial
CHEM1300,CHEM,1,0,1,0,not_collected,partial
CHEM1380,CHEM,1,0,1,0,not_collected,partial
CHEM1870,CHEM,1,0,1,0,not_collected,partial
CHEM2120,CHEM,1,0,1,0,not_collected,partial
CHEM2200,CHEM,1,0,1,0,not_collected,partial
CHEM2300,CHEM,1,0,1,0,not_collected,partial
CHEM2860,CHEM,4,0,4,0,not_collected,partial
CHEM2868,CHEM,5,0,5,0,not_collected,partial
CHEM3220,CHEM,1,0,1,0,not_collected,partial
CHEM3320,CHEM,1,0,1,0,not_collected,partial
CHEM3410,CHEM,1,0,1,0,not_collected,partial
CHEM3810,CHEM,2,0,2,0,not_collected,partial
CHEM3830,CHEM,2,0,2,0,not_collected,partial
CHEM3870,CHEM,3,0,3,0,not_collected,partial
CHEM4030,CHEM,1,0,1,0,not_collected,partial
CHEM4040,CHEM,1,0,1,0,not_collected,partial
CHEM4300,CHEM,1,0,1,0,not_collected,partial
CHEM4303,CHEM,1,0,1,0,not_collected,partial
CHEM4440,CHEM,1,0,1,0,not_collected,partial
CHEM4471,CHEM,1,0,1,0,not_collected,partial
CHEM4535,CHEM,1,0,1,0,not_collected,partial
CHEM4786,CHEM,1,0,1,0,not_collected,partial
CHEM4960,CHEM,1,0,1,0,not_collected,partial
CHEM4980,CHEM,1,0,1,0,not_collected,partial
CHES1000,CHES,1,0,1,0,not_collected,partial
CHES1101,CHES,1,0,1,0,not_collected,partial
CHES2002,CHES,1,0,1,0,not_collected,partial
CHES2004,CHES,1,0,1,0,not_collected,partial
CHES2005,CHES,1,0,1,0,not_collected,partial
CHES2006,CHES,1,0,1,0,not_collected,partial
CHES2107,CHES,1,0,1,0,not_collected,partial
CHES3002,CHES,1,0,1,0,not_collected,partial
CHES3102,CHES,1,0,1,0,not_collected,partial
CHES3103,CHES,1,0,1,0,not_collected,partial
CHES3105,CHES,1,0,1,0,not_collected,partial
CHES3108,CHES,1,0,1,0,not_collected,partial
CHES3201,CHES,1,0,1,0,not_collected,partial
CHES3402,CHES,1,0,1,0,not_collected,partial
CHES3500,CHES,1,0,1,0,not_collected,partial
CHLL1110,CHLL,2,0,2,0,not_collected,partial
CHLL1401,CHLL,2,0,2,0,not_collected,partial
CHLL1902,CHLL,1,0,1,0,not_collected,partial
CHLL2121,CHLL,2,0,2,0,not_collected,partial
CHLL2131,CHLL,2,0,2,0,not_collected,partial
CHLL2212,CHLL,2,0,2,0,not_collected,partial
CHLL3142,CHLL,1,0,1,0,not_collected,partial
CHLL3314,CHLL,1,0,1,0,not_collected,partial
CHLL3321,CHLL,1,0,1,0,not_collected,partial
CHLL3406,CHLL,1,0,1,0,not_collected,partial
CHLL4001,CHLL,19,0,19,0,not_collected,partial
CHLL4224,CHLL,1,0,1,0,not_collected,partial
CHLL4242,CHLL,1,0,1,0,not_collected,partial
CHLL4314,CHLL,1,0,1,0,not_collected,partial
CHLL4340,CHLL,1,0,1,0,not_collected,partial
CHLL4401,CHLL,1,0,1,0,not_collected,partial
CHLL4407,CHLL,1,0,1,0,not_collected,partial
CHLL4411,CHLL,1,0,1,0,not_collected,partial
CHLT1001,CHLT,81,0,81,0,not_collected,partial
CHLT1002,CHLT,70,0,70,0,not_collected,partial
CHLT1104,CHLT,1,0,1,0,not_collected,partial
CHLT1204,CHLT,1,0,1,0,not_collected,partial
CHLT1205,CHLT,1,0,1,0,not_collected,partial
CHLT1306,CHLT,1,0,1,0,not_collected,partial
CHLT1307,CHLT,1,0,1,0,not_collected,partial
CHLT2882,CHLT,1,0,1,0,not_collected,partial
CHPR3001,CHPR,1,0,1,0,not_collected,partial
CHPR4003,CHPR,1,0,1,0,not_collected,partial
CHPR4008,CHPR,1,0,1,0,not_collected,partial
CHPR4901,CHPR,1,0,1,0,not_collected,partial
CLCC1000,CLCC,1,0,1,0,not_collected,partial
CLCC1001,CLCC,1,0,1,0,not_collected,partial
CLCC1100,CLCC,2,0,2,0,not_collected,partial
CLCC1101,CLCC,1,0,1,0,not_collected,partial
CLCC1113,CLCC,4,0,4,0,not_collected,partial
CLCC1123,CLCC,4,0,4,0,not_collected,partial
CLCC1152,CLCC,1,0,1,0,not_collected,partial
CLCC1703,CLCC,15,0,15,0,not_collected,partial
CLCC1903,CLCC,1,0,1,0,not_collected,partial
CLCC2213,CLCC,1,0,1,0,not_collected,partial
CLCC2223,CLCC,1,0,1,0,not_collected,partial
CLCC2703,CLCC,5,0,5,0,not_collected,partial
CLCC3313,CLCC,1,0,1,0,not_collected,partial
CLCC3703,CLCC,1,0,1,0,not_collected,partial
CLCC4413,CLCC,1,0,1,0,not_collected,partial
CLCC4513,CLCC,1,0,1,0,not_collected,partial
CLCE1103,CLCE,1,0,1,0,not_collected,partial
CLCH1702,CLCH,2,0,2,0,not_collected,partial
CLCP1000,CLCP,1,0,1,0,not_collected,partial
CLCP1001,CLCP,1,0,1,0,not_collected,partial
CLCP1003,CLCP,3,0,3,0,not_collected,partial
CLCP1101,CLCP,1,0,1,0,not_collected,partial
CLCP1113,CLCP,4,0,4,0,not_collected,partial
CLCP1123,CLCP,4,0,4,0,not_collected,partial
CLCP1133,CLCP,2,0,2,0,not_collected,partial
CLCP1153,CLCP,2,0,2,0,not_collected,partial
CLCP1703,CLCP,1,0,1,0,not_collected,partial
CLCP2213,CLCP,1,0,1,0,not_collected,partial
CLCP2223,CLCP,1,0,1,0,not_collected,partial
CLCP2233,CLCP,1,0,1,0,not_collected,partial
CLCP2243,CLCP,1,0,1,0,not_collected,partial
CLCP2253,CLCP,1,0,1,0,not_collected,partial
CLCP2703,CLCP,17,0,17,0,not_collected,partial
CLCP3313,CLCP,1,0,1,0,not_collected,partial
CLCP3323,CLCP,1,0,1,0,not_collected,partial
CLCP3333,CLCP,1,0,1,0,not_collected,partial
CLCP3353,CLCP,1,0,1,0,not_collected,partial
CLCP3702,CLCP,3,0,3,0,not_collected,partial
CLCP3703,CLCP,6,0,6,0,not_collected,partial
CLCP4413,CLCP,1,0,1,0,not_collected,partial
CLCP4443,CLCP,1,0,1,0,not_collected,partial
CLCP4453,CLCP,1,0,1,0,not_collected,partial
CLCP4533,CLCP,1,0,1,0,not_collected,partial
CLCP4702,CLCP,1,0,1,0,not_collected,partial
CLCP4713,CLCP,1,0,1,0,not_collected,partial
CLCP4763,CLCP,1,0,1,0,not_collected,partial
CLCP4773,CLCP,1,0,1,0,not_collected,partial
CLCP4793,CLCP,2,0,2,0,not_collected,partial
CLED1030,CLED,1,0,1,0,not_collected,partial
CLED2530,CLED,1,0,1,0,not_collected,partial
CLED3510,CLED,1,0,1,0,not_collected,partial
CLED4630,CLED,1,0,1,0,not_collected,partial
CLED4750,CLED,1,0,1,0,not_collected,partial
CMBI2500,CMBI,1,0,1,0,not_collected,partial
CMBI3010,CMBI,1,0,1,0,not_collected,partial
CMBI3030,CMBI,1,0,1,0,not_collected,partial
CMBI3100,CMBI,1,0,1,0,not_collected,partial
CMBI4001,CMBI,1,0,1,0,not_collected,partial
CMBI4002,CMBI,1,0,1,0,not_collected,partial
CMBI4003,CMBI,1,0,1,0,not_collected,partial
CMBI4201,CMBI,1,0,1,0,not_collected,partial
CMBI4202,CMBI,1,0,1,0,not_collected,partial
CMBI4203,CMBI,1,0,1,0,not_collected,partial
CMBI4902,CMBI,1,0,1,0,not_collected,partial
COMM1110,COMM,2,0,2,0,not_collected,partial
COMM1120,COMM,2,0,2,0,not_collected,partial
COMM1150,COMM,1,0,1,0,not_collected,partial
COMM1170,COMM,1,0,1,0,not_collected,partial
COMM1180,COMM,1,0,1,0,not_collected,partial
COMM1190,COMM,3,0,3,0,not_collected,partial
COMM1500,COMM,1,0,1,0,not_collected,partial
COMM2110,COMM,1,0,1,0,not_collected,partial
COMM2170,COMM,1,0,1,0,not_collected,partial
COMM2180,COMM,1,0,1,0,not_collected,partial
COMM2240,COMM,2,0,2,0,not_collected,partial
COMM2440,COMM,1,0,1,0,not_collected,partial
COMM2530,COMM,1,0,1,0,not_collected,partial
COMM2570,COMM,1,0,1,0,not_collected,partial
COMM2620,COMM,1,0,1,0,not_collected,partial
COMM2733,COMM,1,0,1,0,not_collected,partial
COMM2813,COMM,1,0,1,0,not_collected,partial
COMM2814,COMM,1,0,1,0,not_collected,partial
COMM2850,COMM,1,0,1,0,not_collected,partial
COMM2922,COMM,2,0,2,0,not_collected,partial
COMM2928,COMM,1,0,1,0,not_collected,partial
COMM2930,COMM,1,0,1,0,not_collected,partial
COMM2932,COMM,1,0,1,0,not_collected,partial
COMM2962,COMM,1,0,1,0,not_collected,partial
COMM3140,COMM,1,0,1,0,not_collected,partial
COMM3200,COMM,1,0,1,0,not_collected,partial
COMM3310,COMM,1,0,1,0,not_collected,partial
COMM3400,COMM,1,0,1,0,not_collected,partial
COMM3550,COMM,1,0,1,0,not_collected,partial
COMM3600,COMM,1,0,1,0,not_collected,partial
COMM3610,COMM,1,0,1,0,not_collected,partial
COMM3650,COMM,1,0,1,0,not_collected,partial
COMM3680,COMM,1,0,1,0,not_collected,partial
COMM3700,COMM,1,0,1,0,not_collected,partial
COMM3733,COMM,1,0,1,0,not_collected,partial
COMM3750,COMM,1,0,1,0,not_collected,partial
COMM3800,COMM,1,0,1,0,not_collected,partial
COMM3820,COMM,1,0,1,0,not_collected,partial
COMM3840,COMM,1,0,1,0,not_collected,partial
COMM3910,COMM,1,0,1,0,not_collected,partial
COMM3920,COMM,1,0,1,0,not_collected,partial
COMM3921,COMM,1,0,1,0,not_collected,partial
COMM3930,COMM,1,0,1,0,not_collected,partial
COMM4150,COMM,1,0,1,0,not_collected,partial
COMM4730,COMM,1,0,1,0,not_collected,partial
COMM4962,COMM,1,0,1,0,not_collected,partial
COOP3001,COOP,2,0,2,0,not_collected,partial
COOP4001,COOP,1,0,1,0,not_collected,partial
CSAT2001,CSAT,1,0,1,0,not_collected,partial
CSAT2002,CSAT,1,0,1,0,not_collected,partial
CSCI1120,CSCI,2,0,2,0,not_collected,partial
CSCI1130,CSCI,2,0,2,0,not_collected,partial
CSCI1540,CSCI,1,0,1,0,not_collected,partial
CSCI1550,CSCI,1,0,1,0,not_collected,partial
CSCI1580,CSCI,1,0,1,0,not_collected,partial
CSCI2040,CSCI,1,0,1,0,not_collected,partial
CSCI2100,CSCI,2,0,2,0,not_collected,partial
CSCI2510,CSCI,1,0,1,0,not_collected,partial
CSCI2720,CSCI,1,0,1,0,not_collected,partial
CSCI2730,CSCI,1,0,1,0,not_collected,partial
CSCI3100,CSCI,1,0,1,0,not_collected,partial
CSCI3130,CSCI,1,0,1,0,not_collected,partial
CSCI3150,CSCI,1,0,1,0,not_collected,partial
CSCI3160,CSCI,1,0,1,0,not_collected,partial
CSCI3170,CSCI,1,0,1,0,not_collected,partial
CSCI3190,CSCI,1,0,1,0,not_collected,partial
CSCI3230,CSCI,1,0,1,0,not_collected,partial
CSCI3260,CSCI,1,0,1,0,not_collected,partial
CSCI3360,CSCI,1,0,1,0,not_collected,partial
CSCI4120,CSCI,1,0,1,0,not_collected,partial
CSCI4180,CSCI,1,0,1,0,not_collected,partial
CSCI4998,CSCI,43,0,43,0,not_collected,partial
CSCI4999,CSCI,3,0,3,0,not_collected,partial
CUMT4103,CUMT,1,0,1,0,not_collected,partial
CURE1000,CURE,1,0,1,0,not_collected,partial
CURE1004,CURE,1,0,1,0,not_collected,partial
CURE1110,CURE,1,0,1,0,not_collected,partial
CURE1123,CURE,1,0,1,0,not_collected,partial
CURE1124,CURE,1,0,1,0,not_collected,partial
CURE1401,CURE,1,0,1,0,not_collected,partial
CURE1403,CURE,1,0,1,0,not_collected,partial
CURE2006,CURE,1,0,1,0,not_collected,partial
CURE2022,CURE,1,0,1,0,not_collected,partial
CURE2030,CURE,1,0,1,0,not_collected,partial
CURE2066,CURE,1,0,1,0,not_collected,partial
CURE2112,CURE,1,0,1,0,not_collected,partial
CURE2160,CURE,1,0,1,0,not_collected,partial
CURE2163,CURE,1,0,1,0,not_collected,partial
CURE2170,CURE,1,0,1,0,not_collected,partial
CURE2181,CURE,1,0,1,0,not_collected,partial
CURE2404,CURE,1,0,1,0,not_collected,partial
CURE2409,CURE,1,0,1,0,not_collected,partial
CURE3014,CURE,1,0,1,0,not_collected,partial
CURE3034,CURE,1,0,1,0,not_collected,partial
CURE3145,CURE,1,0,1,0,not_collected,partial
CURE3403,CURE,1,0,1,0,not_collected,partial
CURE3405,CURE,1,0,1,0,not_collected,partial
CURE3508,CURE,1,0,1,0,not_collected,partial
CURE4038,CURE,1,0,1,0,not_collected,partial
CURE4159,CURE,1,0,1,0,not_collected,partial
CURE4441,CURE,1,0,1,0,not_collected,partial
DIPL1001,DIPL,1,0,1,0,not_collected,partial
DOTE1030,DOTE,15,0,15,0,not_collected,partial
DOTE1031,DOTE,2,0,2,0,not_collected,partial
DOTE2011,DOTE,10,0,10,0,not_collected,partial
DOTE2030,DOTE,4,0,4,0,not_collected,partial
DOTE2040,DOTE,1,0,1,0,not_collected,partial
DOTE2051,DOTE,5,0,5,0,not_collected,partial
DOTE3080,DOTE,1,0,1,0,not_collected,partial
DOTE3090,DOTE,1,0,1,0,not_collected,partial
DOTE4020,DOTE,1,0,1,0,not_collected,partial
DOTE4070,DOTE,1,0,1,0,not_collected,partial
DOTE4110,DOTE,1,0,1,0,not_collected,partial
DOTE4260,DOTE,1,0,1,0,not_collected,partial
DOTE4280,DOTE,1,0,1,0,not_collected,partial
DSPS1001,DSPS,1,0,1,0,not_collected,partial
DSPS1003,DSPS,1,0,1,0,not_collected,partial
DSPS2202,DSPS,1,0,1,0,not_collected,partial
DSPS2301,DSPS,1,0,1,0,not_collected,partial
DSPS2520,DSPS,1,0,1,0,not_collected,partial
DSPS3202,DSPS,1,0,1,0,not_collected,partial
DSPS3801,DSPS,1,0,1,0,not_collected,partial
DSPS3802,DSPS,1,0,1,0,not_collected,partial
DSPS3803,DSPS,1,0,1,0,not_collected,partial
DSPS4801,DSPS,1,0,1,0,not_collected,partial
DSPS4802,DSPS,1,0,1,0,not_collected,partial
ECON1010,ECON,2,0,2,0,not_collected,partial
ECON1101,ECON,2,0,2,0,not_collected,partial
ECON1210,ECON,1,0,1,0,not_collected,partial
ECON1220,ECON,1,0,1,0,not_collected,partial
ECON1420,ECON,1,0,1,0,not_collected,partial
ECON1902,ECON,1,0,1,0,not_collected,partial
ECON2011,ECON,3,0,3,0,not_collected,partial
ECON2021,ECON,2,0,2,0,not_collected,partial
ECON2121,ECON,1,0,1,0,not_collected,partial
ECON3011,ECON,1,0,1,0,not_collected,partial
ECON3021,ECON,1,0,1,0,not_collected,partial
ECON3121,ECON,2,0,2,0,not_collected,partial
ECON3140,ECON,1,0,1,0,not_collected,partial
ECON3260,ECON,1,0,1,0,not_collected,partial
ECON3370,ECON,1,0,1,0,not_collected,partial
ECON3380,ECON,1,0,1,0,not_collected,partial
ECON3410,ECON,1,0,1,0,not_collected,partial
ECON3420,ECON,1,0,1,0,not_collected,partial
ECON3430,ECON,1,0,1,0,not_collected,partial
ECON3460,ECON,1,0,1,0,not_collected,partial
ECON3470,ECON,1,0,1,0,not_collected,partial
ECON3480,ECON,1,0,1,0,not_collected,partial
ECON3540,ECON,1,0,1,0,not_collected,partial
ECON3590,ECON,1,0,1,0,not_collected,partial
ECON4010,ECON,1,0,1,0,not_collected,partial
ECON4120,ECON,1,0,1,0,not_collected,partial
ECON4130,ECON,1,0,1,0,not_collected,partial
ECON4470,ECON,1,0,1,0,not_collected,partial
ECON4901,ECON,9,0,9,0,not_collected,partial
ECON4910,ECON,1,0,1,0,not_collected,partial
EDUC2140,EDUC,1,0,1,0,not_collected,partial
EDUC2240,EDUC,1,0,1,0,not_collected,partial
EDUC3140,EDUC,1,0,1,0,not_collected,partial
EDUC3200,EDUC,1,0,1,0,not_collected,partial
EDUC3201,EDUC,1,0,1,0,not_collected,partial
EDUC3311,EDUC,1,0,1,0,not_collected,partial
EDUC3330,EDUC,2,0,2,0,not_collected,partial
EDUC4040,EDUC,3,0,3,0,not_collected,partial
EDUC4330,EDUC,1,0,1,0,not_collected,partial
EDUC4340,EDUC,1,0,1,0,not_collected,partial
EEEN2020,EEEN,1,0,1,0,not_collected,partial
EEEN3010,EEEN,1,0,1,0,not_collected,partial
EEEN3020,EEEN,1,0,1,0,not_collected,partial
EEEN4020,EEEN,1,0,1,0,not_collected,partial
EEEN4060,EEEN,1,0,1,0,not_collected,partial
EEEN4998,EEEN,1,0,1,0,not_collected,partial
EEEN4999,EEEN,1,0,1,0,not_collected,partial
EESC1001,EESC,1,0,1,0,not_collected,partial
EESC2020,EESC,1,0,1,0,not_collected,partial
EESC2160,EESC,1,0,1,0,not_collected,partial
EESC2515,EESC,1,0,1,0,not_collected,partial
EESC2517,EESC,1,0,1,0,not_collected,partial
EESC2800,EESC,1,0,1,0,not_collected,partial
EESC3120,EESC,1,0,1,0,not_collected,partial
EESC3130,EESC,1,0,1,0,not_collected,partial
EESC3200,EESC,1,0,1,0,not_collected,partial
EESC3320,EESC,1,0,1,0,not_collected,partial
EESC3510,EESC,1,0,1,0,not_collected,partial
EESC3530,EESC,1,0,1,0,not_collected,partial
EESC3900,EESC,1,0,1,0,not_collected,partial
EESC4120,EESC,1,0,1,0,not_collected,partial
EESC4170,EESC,1,0,1,0,not_collected,partial
EESC4240,EESC,1,0,1,0,not_collected,partial
EESC4310,EESC,1,0,1,0,not_collected,partial
EESC4340,EESC,1,0,1,0,not_collected,partial
EESC4342,EESC,1,0,1,0,not_collected,partial
EESC4350,EESC,1,0,1,0,not_collected,partial
EESC4510,EESC,1,0,1,0,not_collected,partial
EESC4550,EESC,1,0,1,0,not_collected,partial
EESC4760,EESC,1,0,1,0,not_collected,partial
EESC4810,EESC,1,0,1,0,not_collected,partial
EESC4820,EESC,1,0,1,0,not_collected,partial
ELED1010,ELED,1,0,1,0,not_collected,partial
ELED1020,ELED,1,0,1,0,not_collected,partial
ELED1030,ELED,1,0,1,0,not_collected,partial
ELED2810,ELED,1,0,1,0,not_collected,partial
ELED4730,ELED,1,0,1,0,not_collected,partial
ELED4850,ELED,1,0,1,0,not_collected,partial
ELED4920,ELED,1,0,1,0,not_collected,partial
ELED4960,ELED,1,0,1,0,not_collected,partial
ELEG2201,ELEG,1,0,1,0,not_collected,partial
ELEG2202,ELEG,1,0,1,0,not_collected,partial
ELEG2310,ELEG,1,0,1,0,not_collected,partial
ELEG2700,ELEG,1,0,1,0,not_collected,partial
ELEG3207,ELEG,1,0,1,0,not_collected,partial
ELEG3213,ELEG,1,0,1,0,not_collected,partial
ELEG3214,ELEG,1,0,1,0,not_collected,partial
ELEG3302,ELEG,1,0,1,0,not_collected,partial
ELEG3701,ELEG,1,0,1,0,not_collected,partial
ELEG3910,ELEG,1,0,1,0,not_collected,partial
ELEG4215,ELEG,1,0,1,0,not_collected,partial
ELEG4313,ELEG,1,0,1,0,not_collected,partial
ELEG4512,ELEG,1,0,1,0,not_collected,partial
ELEG4701,ELEG,1,0,1,0,not_collected,partial
ELEG4998,ELEG,30,0,30,0,not_collected,partial
ELEG4999,ELEG,9,0,9,0,not_collected,partial
ENGE1310,ENGE,8,0,8,0,not_collected,partial
ENGE1500,ENGE,2,0,2,0,not_collected,partial
ENGE1610,ENGE,2,0,2,0,not_collected,partial
ENGE2190,ENGE,1,0,1,0,not_collected,partial
ENGE2220,ENGE,1,0,1,0,not_collected,partial
ENGE2360,ENGE,1,0,1,0,not_collected,partial
ENGE2530,ENGE,1,0,1,0,not_collected,partial
ENGE2600,ENGE,1,0,1,0,not_collected,partial
ENGE2620,ENGE,1,0,1,0,not_collected,partial
ENGE2700,ENGE,1,0,1,0,not_collected,partial
ENGE2720,ENGE,1,0,1,0,not_collected,partial
ENGE3100,ENGE,8,0,8,0,not_collected,partial
ENGE3110,ENGE,1,0,1,0,not_collected,partial
ENGE3260,ENGE,1,0,1,0,not_collected,partial
ENGE3320,ENGE,1,0,1,0,not_collected,partial
ENGE3360,ENGE,1,0,1,0,not_collected,partial
ENGE3430,ENGE,1,0,1,0,not_collected,partial
ENGE3600,ENGE,1,0,1,0,not_collected,partial
ENGE3900,ENGE,1,0,1,0,not_collected,partial
ENGE3950,ENGE,1,0,1,0,not_collected,partial
ENGE4700,ENGE,1,0,1,0,not_collected,partial
ENGE4701,ENGE,1,0,1,0,not_collected,partial
ENGG1003,ENGG,30,0,30,0,not_collected,partial
ENGG1004,ENGG,5,0,5,0,not_collected,partial
ENGG1040,ENGG,5,0,5,0,not_collected,partial
ENGG1110,ENGG,6,0,6,0,not_collected,partial
ENGG1111,ENGG,1,0,1,0,not_collected,partial
ENGG1125,ENGG,6,0,6,0,not_collected,partial
ENGG1820,ENGG,6,0,6,0,not_collected,partial
ENGG1910,ENGG,1,0,1,0,not_collected,partial
ENGG1920,ENGG,1,0,1,0,not_collected,partial
ENGG2030,ENGG,1,0,1,0,not_collected,partial
ENGG2440,ENGG,3,0,3,0,not_collected,partial
ENGG2720,ENGG,3,0,3,0,not_collected,partial
ENGG2760,ENGG,4,0,4,0,not_collected,partial
EPIN1010,EPIN,1,0,1,0,not_collected,partial
EPIN1020,EPIN,1,0,1,0,not_collected,partial
EPIN2010,EPIN,1,0,1,0,not_collected,partial
EPIN2900,EPIN,1,0,1,0,not_collected,partial
EPIN3900,EPIN,1,0,1,0,not_collected,partial
EPIN4900,EPIN,1,0,1,0,not_collected,partial
ESTR1002,ESTR,1,0,1,0,not_collected,partial
ESTR1007,ESTR,1,0,1,0,not_collected,partial
ESTR2004,ESTR,1,0,1,0,not_collected,partial
ESTR2014,ESTR,1,0,1,0,not_collected,partial
ESTR2018,ESTR,1,0,1,0,not_collected,partial
ESTR2100,ESTR,1,0,1,0,not_collected,partial
ESTR2102,ESTR,1,0,1,0,not_collected,partial
ESTR2106,ESTR,1,0,1,0,not_collected,partial
ESTR2360,ESTR,1,0,1,0,not_collected,partial
ESTR3108,ESTR,1,0,1,0,not_collected,partial
ESTR3114,ESTR,1,0,1,0,not_collected,partial
ESTR3310,ESTR,1,0,1,0,not_collected,partial
ESTR4140,ESTR,1,0,1,0,not_collected,partial
ESTR4998,ESTR,19,0,19,0,not_collected,partial
FAAS1100,FAAS,2,0,2,0,not_collected,partial
FAAS1110,FAAS,2,0,2,0,not_collected,partial
FAAS1130,FAAS,1,0,1,0,not_collected,partial
FAAS1140,FAAS,1,0,1,0,not_collected,partial
FAAS1700,FAAS,1,0,1,0,not_collected,partial
FAAS1900,FAAS,1,0,1,0,not_collected,partial
FAAS2101,FAAS,1,0,1,0,not_collected,partial
FAAS2206,FAAS,1,0,1,0,not_collected,partial
FAAS2208,FAAS,1,0,1,0,not_collected,partial
FAAS2211,FAAS,1,0,1,0,not_collected,partial
FAAS2217,FAAS,1,0,1,0,not_collected,partial
FAAS2218,FAAS,1,0,1,0,not_collected,partial
FAAS3111,FAAS,1,0,1,0,not_collected,partial
FAAS3112,FAAS,1,0,1,0,not_collected,partial
FAAS3202,FAAS,1,0,1,0,not_collected,partial
FAAS3206,FAAS,1,0,1,0,not_collected,partial
FAAS3221,FAAS,1,0,1,0,not_collected,partial
FAAS3223,FAAS,1,0,1,0,not_collected,partial
FAAS3224,FAAS,1,0,1,0,not_collected,partial
FAAS4101,FAAS,1,0,1,0,not_collected,partial
FAAS4180,FAAS,4,0,4,0,not_collected,partial
FAAS4201,FAAS,1,0,1,0,not_collected,partial
FAAS4212,FAAS,1,0,1,0,not_collected,partial
FAAS4214,FAAS,1,0,1,0,not_collected,partial
FAAS4280,FAAS,6,0,6,0,not_collected,partial
FINA2010,FINA,3,0,3,0,not_collected,partial
FINA2220,FINA,1,0,1,0,not_collected,partial
FINA2310,FINA,1,0,1,0,not_collected,partial
FINA3010,FINA,3,0,3,0,not_collected,partial
FINA3020,FINA,3,0,3,0,not_collected,partial
FINA3070,FINA,3,0,3,0,not_collected,partial
FINA3080,FINA,5,0,5,0,not_collected,partial
FINA3210,FINA,2,0,2,0,not_collected,partial
FINA3222,FINA,1,0,1,0,not_collected,partial
FINA3240,FINA,1,0,1,0,not_collected,partial
FINA3290,FINA,1,0,1,0,not_collected,partial
FINA3350,FINA,1,0,1,0,not_collected,partial
FINA3360,FINA,1,0,1,0,not_collected,partial
FINA3370,FINA,2,0,2,0,not_collected,partial
FINA3399,FINA,2,0,2,0,not_collected,partial
FINA4030,FINA,1,0,1,0,not_collected,partial
FINA4050,FINA,1,0,1,0,not_collected,partial
FINA4110,FINA,2,0,2,0,not_collected,partial
FINA4150,FINA,1,0,1,0,not_collected,partial
FINA4215,FINA,1,0,1,0,not_collected,partial
FINA4320,FINA,1,0,1,0,not_collected,partial
FINA4340,FINA,1,0,1,0,not_collected,partial
FINA4370,FINA,1,0,1,0,not_collected,partial
FINA4420,FINA,1,0,1,0,not_collected,partial
FINA4430,FINA,1,0,1,0,not_collected,partial
FNSC2001,FNSC,1,0,1,0,not_collected,partial
FNSC3001,FNSC,4,0,4,0,not_collected,partial
FNSC3002,FNSC,1,0,1,0,not_collected,partial
FNSC3030,FNSC,1,0,1,0,not_collected,partial
FNSC3110,FNSC,1,0,1,0,not_collected,partial
FNSC4001,FNSC,1,0,1,0,not_collected,partial
FNSC4002,FNSC,1,0,1,0,not_collected,partial
FNSC4101,FNSC,1,0,1,0,not_collected,partial
FNSC4110,FNSC,1,0,1,0,not_collected,partial
FNSC4120,FNSC,1,0,1,0,not_collected,partial
FNSC4150,FNSC,1,0,1,0,not_collected,partial
FNSC4902,FNSC,1,0,1,0,not_collected,partial
FNSC4906,FNSC,1,0,1,0,not_collected,partial
FREN1000,FREN,12,0,12,0,not_collected,partial
FREN1100,FREN,1,0,1,0,not_collected,partial
FREN2000,FREN,1,0,1,0,not_collected,partial
FREN2001,FREN,2,0,2,0,not_collected,partial
FREN2020,FREN,1,0,1,0,not_collected,partial
FREN3001,FREN,1,0,1,0,not_collected,partial
FTEC3002,FTEC,1,0,1,0,not_collected,partial
FTEC4002,FTEC,1,0,1,0,not_collected,partial
FTEC4003,FTEC,1,0,1,0,not_collected,partial
FTEC4998,FTEC,23,0,23,0,not_collected,partial
GDRS1001,GDRS,1,0,1,0,not_collected,partial
GDRS2010,GDRS,1,0,1,0,not_collected,partial
GDRS3002,GDRS,1,0,1,0,not_collected,partial
GDRS3009,GDRS,1,0,1,0,not_collected,partial
GDRS3017,GDRS,1,0,1,0,not_collected,partial
GDRS3214,GDRS,1,0,1,0,not_collected,partial
GDRS3999,GDRS,1,0,1,0,not_collected,partial
GDRS4005,GDRS,1,0,1,0,not_collected,partial
GDRS4007,GDRS,1,0,1,0,not_collected,partial
GDRS4009,GDRS,1,0,1,0,not_collected,partial
GECC1000,GECC,2,0,2,0,not_collected,partial
GECC1130,GECC,1,0,1,0,not_collected,partial
GECC1132,GECC,73,0,73,0,not_collected,partial
GECC1230,GECC,4,0,4,0,not_collected,partial
GECC3130,GECC,10,0,10,0,not_collected,partial
GECC3230,GECC,12,0,12,0,not_collected,partial
GECC4130,GECC,21,0,21,0,not_collected,partial
GECW1000,GECW,1,0,1,0,not_collected,partial
GECW1010,GECW,1,0,1,0,not_collected,partial
GECW2000,GECW,1,0,1,0,not_collected,partial
GECW3000,GECW,1,0,1,0,not_collected,partial
GECW4000,GECW,1,0,1,0,not_collected,partial
GECW4021,GECW,2,0,2,0,not_collected,partial
GECW4022,GECW,10,0,10,0,not_collected,partial
GECW4030,GECW,1,0,1,0,not_collected,partial
GEMC1001,GEMC,1,0,1,0,not_collected,partial
GEMC3001,GEMC,1,0,1,0,not_collected,partial
GENA1000,GENA,2,0,2,0,not_collected,partial
GENA1112,GENA,1,0,1,0,not_collected,partial
GENA1114,GENA,1,0,1,0,not_collected,partial
GENA1115,GENA,3,0,3,0,not_collected,partial
GENA1116,GENA,5,0,5,0,not_collected,partial
GENA2112,GENA,1,0,1,0,not_collected,partial
GENA2122,GENA,1,0,1,0,not_collected,partial
GENA2142,GENA,1,0,1,0,not_collected,partial
GENA2212,GENA,1,0,1,0,not_collected,partial
GENA2232,GENA,1,0,1,0,not_collected,partial
GENA2262,GENA,1,0,1,0,not_collected,partial
GENA2322,GENA,1,0,1,0,not_collected,partial
GENA2342,GENA,1,0,1,0,not_collected,partial
GENA2362,GENA,1,0,1,0,not_collected,partial
GERM1000,GERM,6,0,6,0,not_collected,partial
GERM1001,GERM,1,0,1,0,not_collected,partial
GERM2000,GERM,1,0,1,0,not_collected,partial
GERM2001,GERM,1,0,1,0,not_collected,partial
GERM2020,GERM,1,0,1,0,not_collected,partial
GERM2200,GERM,1,0,1,0,not_collected,partial
GERM3001,GERM,1,0,1,0,not_collected,partial
GESC1000,GESC,2,0,2,0,not_collected,partial
GESC1130,GESC,1,0,1,0,not_collected,partial
GESC1160,GESC,1,0,1,0,not_collected,partial
GESC1230,GESC,15,0,15,0,not_collected,partial
GESC1240,GESC,1,0,1,0,not_collected,partial
GESC1250,GESC,1,0,1,0,not_collected,partial
GESC1260,GESC,1,0,1,0,not_collected,partial
GESC2010,GESC,1,0,1,0,not_collected,partial
GESC2131,GESC,1,0,1,0,not_collected,partial
GESC2150,GESC,1,0,1,0,not_collected,partial
GESC2390,GESC,1,0,1,0,not_collected,partial
GESH1000,GESH,1,0,1,0,not_collected,partial
GESH1010,GESH,6,0,6,0,not_collected,partial
GESH2011,GESH,1,0,1,0,not_collected,partial
GESH2012,GESH,1,0,1,0,not_collected,partial
GEUC1000,GEUC,2,0,2,0,not_collected,partial
GEUC1111,GEUC,1,0,1,0,not_collected,partial
GEUC2017,GEUC,1,0,1,0,not_collected,partial
GEUC2019,GEUC,1,0,1,0,not_collected,partial
GEUC2211,GEUC,4,0,4,0,not_collected,partial
GEUC2212,GEUC,2,0,2,0,not_collected,partial
GEUC2213,GEUC,1,0,1,0,not_collected,partial
GEUC2214,GEUC,1,0,1,0,not_collected,partial
GEUC4011,GEUC,29,0,29,0,not_collected,partial
GEUC4012,GEUC,1,0,1,0,not_collected,partial
GEWS1000,GEWS,1,0,1,0,not_collected,partial
GEWS1011,GEWS,1,0,1,0,not_collected,partial
GEWS1012,GEWS,1,0,1,0,not_collected,partial
GEWS2011,GEWS,1,0,1,0,not_collected,partial
GEWS2041,GEWS,1,0,1,0,not_collected,partial
GEWS2111,GEWS,1,0,1,0,not_collected,partial
GEWS2151,GEWS,1,0,1,0,not_collected,partial
GEYS1000,GEYS,1,0,1,0,not_collected,partial
GEYS1010,GEYS,1,0,1,0,not_collected,partial
GEYS4010,GEYS,6,0,6,0,not_collected,partial
GEYS4011,GEYS,2,0,2,0,not_collected,partial
GLEF3010,GLEF,1,0,1,0,not_collected,partial
GLEF3030,GLEF,1,0,1,0,not_collected,partial
GLEF4020,GLEF,1,0,1,0,not_collected,partial
GLEF4090,GLEF,1,0,1,0,not_collected,partial
GLSD1001,GLSD,1,0,1,0,not_collected,partial
GLSD2001,GLSD,1,0,1,0,not_collected,partial
GLSD2101,GLSD,1,0,1,0,not_collected,partial
GLSD2501,GLSD,1,0,1,0,not_collected,partial
GLSD3404,GLSD,1,0,1,0,not_collected,partial
GLSD3411,GLSD,1,0,1,0,not_collected,partial
GLSD3511,GLSD,1,0,1,0,not_collected,partial
GLSD3601,GLSD,1,0,1,0,not_collected,partial
GLSD4001,GLSD,1,0,1,0,not_collected,partial
GLSD4002,GLSD,1,0,1,0,not_collected,partial
GLSD4003,GLSD,1,0,1,0,not_collected,partial
GLSD4004,GLSD,1,0,1,0,not_collected,partial
GPAD1000,GPAD,1,0,1,0,not_collected,partial
GPAD1015,GPAD,1,0,1,0,not_collected,partial
GPAD1020,GPAD,1,0,1,0,not_collected,partial
GPAD1050,GPAD,1,0,1,0,not_collected,partial
GPAD2020,GPAD,1,0,1,0,not_collected,partial
GPAD2130,GPAD,1,0,1,0,not_collected,partial
GPAD2345,GPAD,1,0,1,0,not_collected,partial
GPAD2370,GPAD,1,0,1,0,not_collected,partial
GPAD3070,GPAD,1,0,1,0,not_collected,partial
GPAD3160,GPAD,1,0,1,0,not_collected,partial
GPAD4077,GPAD,1,0,1,0,not_collected,partial
GPAD4335,GPAD,1,0,1,0,not_collected,partial
GPAD4601,GPAD,1,0,1,0,not_collected,partial
GPAD4602,GPAD,1,0,1,0,not_collected,partial
GPAD4701,GPAD,1,0,1,0,not_collected,partial
GPAD4702,GPAD,1,0,1,0,not_collected,partial
GPAD4801,GPAD,1,0,1,0,not_collected,partial
GPAD4802,GPAD,1,0,1,0,not_collected,partial
GRMD1003,GRMD,1,0,1,0,not_collected,partial
GRMD1301,GRMD,1,0,1,0,not_collected,partial
GRMD1302,GRMD,1,0,1,0,not_collected,partial
GRMD1403,GRMD,1,0,1,0,not_collected,partial
GRMD2001,GRMD,1,0,1,0,not_collected,partial
GRMD2102,GRMD,1,0,1,0,not_collected,partial
GRMD2105,GRMD,1,0,1,0,not_collected,partial
GRMD2106,GRMD,1,0,1,0,not_collected,partial
GRMD2209,GRMD,1,0,1,0,not_collected,partial
GRMD2221,GRMD,1,0,1,0,not_collected,partial
GRMD2292,GRMD,1,0,1,0,not_collected,partial
GRMD2303,GRMD,1,0,1,0,not_collected,partial
GRMD2401,GRMD,1,0,1,0,not_collected,partial
GRMD3001,GRMD,1,0,1,0,not_collected,partial
GRMD3203,GRMD,1,0,1,0,not_collected,partial
GRMD3209,GRMD,1,0,1,0,not_collected,partial
GRMD3231,GRMD,1,0,1,0,not_collected,partial
GRMD3302,GRMD,1,0,1,0,not_collected,partial
GRMD3323,GRMD,1,0,1,0,not_collected,partial
GRMD3401,GRMD,1,0,1,0,not_collected,partial
GRMD4001,GRMD,1,0,1,0,not_collected,partial
GRMD4002,GRMD,1,0,1,0,not_collected,partial
GRMD4003,GRMD,1,0,1,0,not_collected,partial
GRMD4202,GRMD,1,0,1,0,not_collected,partial
GRMD4503,GRMD,1,0,1,0,not_collected,partial
GRON3112,GRON,1,0,1,0,not_collected,partial
GRON3114,GRON,1,0,1,0,not_collected,partial
GRON3211,GRON,1,0,1,0,not_collected,partial
GRON4312,GRON,1,0,1,0,not_collected,partial
HIST1000,HIST,1,0,1,0,not_collected,partial
HIST1001,HIST,2,0,2,0,not_collected,partial
HIST1700,HIST,1,0,1,0,not_collected,partial
HIST2007,HIST,1,0,1,0,not_collected,partial
HIST2102,HIST,1,0,1,0,not_collected,partial
HIST2110,HIST,1,0,1,0,not_collected,partial
HIST2140,HIST,1,0,1,0,not_collected,partial
HIST2220,HIST,1,0,1,0,not_collected,partial
HIST2320,HIST,1,0,1,0,not_collected,partial
HIST2500,HIST,1,0,1,0,not_collected,partial
HIST2501,HIST,1,0,1,0,not_collected,partial
HIST3103,HIST,1,0,1,0,not_collected,partial
HIST3327,HIST,1,0,1,0,not_collected,partial
HIST3375,HIST,1,0,1,0,not_collected,partial
HIST3376,HIST,1,0,1,0,not_collected,partial
HIST3404,HIST,1,0,1,0,not_collected,partial
HIST3505,HIST,1,0,1,0,not_collected,partial
HIST4261,HIST,1,0,1,0,not_collected,partial
HIST4392,HIST,1,0,1,0,not_collected,partial
HIST4702,HIST,1,0,1,0,not_collected,partial
HIST4704,HIST,1,0,1,0,not_collected,partial
HIST4811,HIST,17,0,17,0,not_collected,partial
HIST4812,HIST,5,0,5,0,not_collected,partial
HKSL1000,HKSL,11,0,11,0,not_collected,partial
HKSL1001,HKSL,1,0,1,0,not_collected,partial
HKSL1003,HKSL,1,0,1,0,not_collected,partial
HKSL2001,HKSL,1,0,1,0,not_collected,partial
HKSL3001,HKSL,2,0,2,0,not_collected,partial
HTMG1010,HTMG,2,0,2,0,not_collected,partial
HTMG1091,HTMG,1,0,1,0,not_collected,partial
HTMG1092,HTMG,1,0,1,0,not_collected,partial
HTMG2000,HTMG,1,0,1,0,not_collected,partial
HTMG2070,HTMG,1,0,1,0,not_collected,partial
HTMG2091,HTMG,1,0,1,0,not_collected,partial
HTMG2092,HTMG,1,0,1,0,not_collected,partial
HTMG2900,HTMG,1,0,1,0,not_collected,partial
HTMG3010,HTMG,1,0,1,0,not_collected,partial
HTMG3030,HTMG,1,0,1,0,not_collected,partial
HTMG3041,HTMG,1,0,1,0,not_collected,partial
HTMG3060,HTMG,1,0,1,0,not_collected,partial
HTMG3091,HTMG,1,0,1,0,not_collected,partial
HTMG3092,HTMG,1,0,1,0,not_collected,partial
HTMG3520,HTMG,1,0,1,0,not_collected,partial
HTMG3521,HTMG,1,0,1,0,not_collected,partial
HTMG3900,HTMG,1,0,1,0,not_collected,partial
HTMG4091,HTMG,1,0,1,0,not_collected,partial
HTMG4092,HTMG,1,0,1,0,not_collected,partial
HTMG4100,HTMG,1,0,1,0,not_collected,partial
HTMG4270,HTMG,1,0,1,0,not_collected,partial
HTMG4529,HTMG,1,0,1,0,not_collected,partial
HTMG4537,HTMG,1,0,1,0,not_collected,partial
HTMG4538,HTMG,1,0,1,0,not_collected,partial
HTMG4600,HTMG,1,0,1,0,not_collected,partial
HTMG4900,HTMG,1,0,1,0,not_collected,partial
IASP2790,IASP,1,0,1,0,not_collected,partial
IASP4090,IASP,1,0,1,0,not_collected,partial
IBBA3040,IBBA,1,0,1,0,not_collected,partial
IERG1000,IERG,1,0,1,0,not_collected,partial
IERG1810,IERG,2,0,2,0,not_collected,partial
IERG2051,IERG,1,0,1,0,not_collected,partial
IERG2060,IERG,1,0,1,0,not_collected,partial
IERG2820,IERG,3,0,3,0,not_collected,partial
IERG3010,IERG,1,0,1,0,not_collected,partial
IERG3080,IERG,1,0,1,0,not_collected,partial
IERG3310,IERG,1,0,1,0,not_collected,partial
IERG3800,IERG,1,0,1,0,not_collected,partial
IERG4030,IERG,1,0,1,0,not_collected,partial
IERG4100,IERG,1,0,1,0,not_collected,partial
IERG4130,IERG,1,0,1,0,not_collected,partial
IERG4150,IERG,1,0,1,0,not_collected,partial
IERG4190,IERG,1,0,1,0,not_collected,partial
IERG4220,IERG,1,0,1,0,not_collected,partial
IERG4230,IERG,1,0,1,0,not_collected,partial
IERG4320,IERG,1,0,1,0,not_collected,partial
IERG4360,IERG,1,0,1,0,not_collected,partial
IERG4831,IERG,1,0,1,0,not_collected,partial
IERG4841,IERG,1,0,1,0,not_collected,partial
IERG4851,IERG,1,0,1,0,not_collected,partial
IERG4998,IERG,29,0,29,0,not_collected,partial
IERG4999,IERG,6,0,6,0,not_collected,partial
IMSC1038,IMSC,1,0,1,0,not_collected,partial
IMSC1113,IMSC,1,0,1,0,not_collected,partial
IMSC2018,IMSC,1,0,1,0,not_collected,partial
IMSC2041,IMSC,1,0,1,0,not_collected,partial
IMSC2058,IMSC,1,0,1,0,not_collected,partial
IMSC2078,IMSC,1,0,1,0,not_collected,partial
IMSC3250,IMSC,1,0,1,0,not_collected,partial
IMSC3260,IMSC,1,0,1,0,not_collected,partial
ITAL1000,ITAL,2,0,2,0,not_collected,partial
JASP1090,JASP,3,0,3,0,not_collected,partial
JASP1100,JASP,1,0,1,0,not_collected,partial
JASP1120,JASP,1,0,1,0,not_collected,partial
JASP1140,JASP,1,0,1,0,not_collected,partial
JASP1160,JASP,3,0,3,0,not_collected,partial
JASP1180,JASP,1,0,1,0,not_collected,partial
JASP1200,JASP,1,0,1,0,not_collected,partial
JASP1350,JASP,1,0,1,0,not_collected,partial
JASP1450,JASP,18,0,18,0,not_collected,partial
JASP1470,JASP,1,0,1,0,not_collected,partial
JASP1550,JASP,1,0,1,0,not_collected,partial
JASP2030,JASP,1,0,1,0,not_collected,partial
JASP2200,JASP,1,0,1,0,not_collected,partial
JASP2400,JASP,1,0,1,0,not_collected,partial
JASP2450,JASP,5,0,5,0,not_collected,partial
JASP2470,JASP,1,0,1,0,not_collected,partial
JASP2520,JASP,1,0,1,0,not_collected,partial
JASP2720,JASP,1,0,1,0,not_collected,partial
JASP3110,JASP,1,0,1,0,not_collected,partial
JASP3120,JASP,1,0,1,0,not_collected,partial
JASP3320,JASP,1,0,1,0,not_collected,partial
JASP3330,JASP,1,0,1,0,not_collected,partial
JASP3340,JASP,1,0,1,0,not_collected,partial
JASP3350,JASP,1,0,1,0,not_collected,partial
JASP3430,JASP,1,0,1,0,not_collected,partial
JASP3700,JASP,1,0,1,0,not_collected,partial
JASP4380,JASP,1,0,1,0,not_collected,partial
JASP4440,JASP,1,0,1,0,not_collected,partial
JASP4600,JASP,1,0,1,0,not_collected,partial
JASP4601,JASP,1,0,1,0,not_collected,partial
JASP4602,JASP,1,0,1,0,not_collected,partial
KORE1000,KORE,10,0,10,0,not_collected,partial
KORE2000,KORE,3,0,3,0,not_collected,partial
KORE2001,KORE,5,0,5,0,not_collected,partial
KORE3001,KORE,2,0,2,0,not_collected,partial
KORE3020,KORE,1,0,1,0,not_collected,partial
LAWS1010,LAWS,1,0,1,0,not_collected,partial
LAWS1020,LAWS,1,0,1,0,not_collected,partial
LAWS1041,LAWS,1,0,1,0,not_collected,partial
LAWS2101,LAWS,1,0,1,0,not_collected,partial
LAWS2110,LAWS,1,0,1,0,not_collected,partial
LAWS2121,LAWS,1,0,1,0,not_collected,partial
LAWS2131,LAWS,1,0,1,0,not_collected,partial
LAWS3100,LAWS,1,0,1,0,not_collected,partial
LAWS3110,LAWS,1,0,1,0,not_collected,partial
LAWS3151,LAWS,1,0,1,0,not_collected,partial
LAWS3290,LAWS,1,0,1,0,not_collected,partial
LAWS3440,LAWS,1,0,1,0,not_collected,partial
LAWS4010,LAWS,1,0,1,0,not_collected,partial
LAWS4012,LAWS,1,0,1,0,not_collected,partial
LAWS4120,LAWS,1,0,1,0,not_collected,partial
LAWS4151,LAWS,1,0,1,0,not_collected,partial
LAWS4260,LAWS,1,0,1,0,not_collected,partial
LAWS4300,LAWS,1,0,1,0,not_collected,partial
LAWS4360,LAWS,1,0,1,0,not_collected,partial
LAWS4430,LAWS,1,0,1,0,not_collected,partial
LAWS4491,LAWS,1,0,1,0,not_collected,partial
LAWS4494,LAWS,1,0,1,0,not_collected,partial
LDTE2100,LDTE,1,0,1,0,not_collected,partial
LDTE3120,LDTE,1,0,1,0,not_collected,partial
LDTE3500,LDTE,1,0,1,0,not_collected,partial
LDTE3510,LDTE,1,0,1,0,not_collected,partial
LDTE4300,LDTE,1,0,1,0,not_collected,partial
LING1000,LING,1,0,1,0,not_collected,partial
LING1002,LING,1,0,1,0,not_collected,partial
LING2003,LING,1,0,1,0,not_collected,partial
LING2006,LING,1,0,1,0,not_collected,partial
LING2008,LING,2,0,2,0,not_collected,partial
LING3103,LING,1,0,1,0,not_collected,partial
LING3201,LING,1,0,1,0,not_collected,partial
LING3401,LING,1,0,1,0,not_collected,partial
LING4000,LING,1,0,1,0,not_collected,partial
LING4001,LING,1,0,1,0,not_collected,partial
LSCI1001,LSCI,1,0,1,0,not_collected,partial
LSCI1002,LSCI,1,0,1,0,not_collected,partial
LSCI2002,LSCI,2,0,2,0,not_collected,partial
LSCI2003,LSCI,1,0,1,0,not_collected,partial
LSCI4000,LSCI,1,0,1,0,not_collected,partial
LSCI4912,LSCI,1,0,1,0,not_collected,partial
MAEG1020,MAEG,1,0,1,0,not_collected,partial
MAEG2020,MAEG,1,0,1,0,not_collected,partial
MAEG2030,MAEG,1,0,1,0,not_collected,partial
MAEG2050,MAEG,1,0,1,0,not_collected,partial
MAEG3010,MAEG,1,0,1,0,not_collected,partial
MAEG3050,MAEG,1,0,1,0,not_collected,partial
MAEG3070,MAEG,1,0,1,0,not_collected,partial
MAEG3920,MAEG,1,0,1,0,not_collected,partial
MAEG4020,MAEG,1,0,1,0,not_collected,partial
MAEG4030,MAEG,1,0,1,0,not_collected,partial
MAEG4040,MAEG,1,0,1,0,not_collected,partial
MAEG4070,MAEG,1,0,1,0,not_collected,partial
MAEG4998,MAEG,1,0,1,0,not_collected,partial
MAEG4999,MAEG,1,0,1,0,not_collected,partial
MASE1002,MASE,1,0,1,0,not_collected,partial
MASE1801,MASE,1,0,1,0,not_collected,partial
MASE2002,MASE,1,0,1,0,not_collected,partial
MATH1010,MATH,8,0,8,0,not_collected,partial
MATH1018,MATH,1,0,1,0,not_collected,partial
MATH1025,MATH,2,0,2,0,not_collected,partial
MATH1028,MATH,1,0,1,0,not_collected,partial
MATH1030,MATH,4,0,4,0,not_collected,partial
MATH1090,MATH,1,0,1,0,not_collected,partial
MATH1520,MATH,2,0,2,0,not_collected,partial
MATH1525,MATH,1,0,1,0,not_collected,partial
MATH1530,MATH,1,0,1,0,not_collected,partial
MATH1540,MATH,1,0,1,0,not_collected,partial
MATH1550,MATH,1,0,1,0,not_collected,partial
MATH1610,MATH,1,0,1,0,not_collected,partial
MATH2010,MATH,4,0,4,0,not_collected,partial
MATH2018,MATH,1,0,1,0,not_collected,partial
MATH2020,MATH,1,0,1,0,not_collected,partial
MATH2040,MATH,2,0,2,0,not_collected,partial
MATH2048,MATH,1,0,1,0,not_collected,partial
MATH2050,MATH,2,0,2,0,not_collected,partial
MATH2058,MATH,1,0,1,0,not_collected,partial
MATH2060,MATH,1,0,1,0,not_collected,partial
MATH2070,MATH,1,0,1,0,not_collected,partial
MATH2230,MATH,1,0,1,0,not_collected,partial
MATH3030,MATH,1,0,1,0,not_collected,partial
MATH3060,MATH,1,0,1,0,not_collected,partial
MATH3080,MATH,1,0,1,0,not_collected,partial
MATH3215,MATH,1,0,1,0,not_collected,partial
MATH3230,MATH,1,0,1,0,not_collected,partial
MATH3270,MATH,1,0,1,0,not_collected,partial
MATH3280,MATH,1,0,1,0,not_collected,partial
MATH3290,MATH,1,0,1,0,not_collected,partial
MATH3310,MATH,1,0,1,0,not_collected,partial
MATH3320,MATH,1,0,1,0,not_collected,partial
MATH4010,MATH,1,0,1,0,not_collected,partial
MATH4030,MATH,1,0,1,0,not_collected,partial
MATH4280,MATH,1,0,1,0,not_collected,partial
MATH4400,MATH,11,0,11,0,not_collected,partial
MATH4900,MATH,8,0,8,0,not_collected,partial
MBTE3000,MBTE,1,0,1,0,not_collected,partial
MBTE3510,MBTE,1,0,1,0,not_collected,partial
MBTE3511,MBTE,1,0,1,0,not_collected,partial
MBTE3518,MBTE,1,0,1,0,not_collected,partial
MBTE4033,MBTE,1,0,1,0,not_collected,partial
MBTE4320,MBTE,1,0,1,0,not_collected,partial
MBTE4510,MBTE,1,0,1,0,not_collected,partial
MBTE4902,MBTE,1,0,1,0,not_collected,partial
MEDF1010,MEDF,1,0,1,0,not_collected,partial
MEDF1011,MEDF,1,0,1,0,not_collected,partial
MEDF1041,MEDF,1,0,1,0,not_collected,partial
MEDU1000,MEDU,2,0,2,0,not_collected,partial
MEDU1110,MEDU,1,0,1,0,not_collected,partial
MGNT1010,MGNT,1,0,1,0,not_collected,partial
MGNT1020,MGNT,9,0,9,0,not_collected,partial
MGNT1070,MGNT,1,0,1,0,not_collected,partial
MGNT2040,MGNT,1,0,1,0,not_collected,partial
MGNT2511,MGNT,6,0,6,0,not_collected,partial
MGNT2512,MGNT,4,0,4,0,not_collected,partial
MGNT2611,MGNT,3,0,3,0,not_collected,partial
MGNT3010,MGNT,2,0,2,0,not_collected,partial
MGNT3060,MGNT,1,0,1,0,not_collected,partial
MGNT3090,MGNT,1,0,1,0,not_collected,partial
MGNT3580,MGNT,2,0,2,0,not_collected,partial
MGNT4010,MGNT,6,0,6,0,not_collected,partial
MGNT4070,MGNT,1,0,1,0,not_collected,partial
MGNT4080,MGNT,1,0,1,0,not_collected,partial
MGNT4090,MGNT,1,0,1,0,not_collected,partial
MGNT4150,MGNT,1,0,1,0,not_collected,partial
MGNT4170,MGNT,1,0,1,0,not_collected,partial
MGNT4510,MGNT,1,0,1,0,not_collected,partial
MGNT4540,MGNT,1,0,1,0,not_collected,partial
MGNT4570,MGNT,1,0,1,0,not_collected,partial
MIEG2051,MIEG,1,0,1,0,not_collected,partial
MKTG2010,MKTG,7,0,7,0,not_collected,partial
MKTG3010,MKTG,2,0,2,0,not_collected,partial
MKTG3020,MKTG,2,0,2,0,not_collected,partial
MKTG3030,MKTG,1,0,1,0,not_collected,partial
MKTG3060,MKTG,1,0,1,0,not_collected,partial
MKTG4040,MKTG,1,0,1,0,not_collected,partial
MKTG4070,MKTG,1,0,1,0,not_collected,partial
MKTG4080,MKTG,1,0,1,0,not_collected,partial
MKTG4110,MKTG,1,0,1,0,not_collected,partial
MKTG4150,MKTG,1,0,1,0,not_collected,partial
MUSC1000,MUSC,1,0,1,0,not_collected,partial
MUSC1001,MUSC,1,0,1,0,not_collected,partial
MUSC1011,MUSC,1,0,1,0,not_collected,partial
MUSC1012,MUSC,1,0,1,0,not_collected,partial
MUSC1013,MUSC,1,0,1,0,not_collected,partial
MUSC1014,MUSC,1,0,1,0,not_collected,partial
MUSC1017,MUSC,1,0,1,0,not_collected,partial
MUSC1031,MUSC,1,0,1,0,not_collected,partial
MUSC1041,MUSC,1,0,1,0,not_collected,partial
MUSC1051,MUSC,1,0,1,0,not_collected,partial
MUSC1212,MUSC,1,0,1,0,not_collected,partial
MUSC2001,MUSC,1,0,1,0,not_collected,partial
MUSC2011,MUSC,1,0,1,0,not_collected,partial
MUSC2012,MUSC,1,0,1,0,not_collected,partial
MUSC2013,MUSC,1,0,1,0,not_collected,partial
MUSC2014,MUSC,1,0,1,0,not_collected,partial
MUSC2017,MUSC,1,0,1,0,not_collected,partial
MUSC2031,MUSC,1,0,1,0,not_collected,partial
MUSC2041,MUSC,1,0,1,0,not_collected,partial
MUSC2051,MUSC,1,0,1,0,not_collected,partial
MUSC2252,MUSC,1,0,1,0,not_collected,partial
MUSC2562,MUSC,1,0,1,0,not_collected,partial
MUSC2872,MUSC,1,0,1,0,not_collected,partial
MUSC2913,MUSC,1,0,1,0,not_collected,partial
MUSC3001,MUSC,1,0,1,0,not_collected,partial
MUSC3011,MUSC,1,0,1,0,not_collected,partial
MUSC3012,MUSC,1,0,1,0,not_collected,partial
MUSC3013,MUSC,1,0,1,0,not_collected,partial
MUSC3014,MUSC,1,0,1,0,not_collected,partial
MUSC3017,MUSC,1,0,1,0,not_collected,partial
MUSC3031,MUSC,1,0,1,0,not_collected,partial
MUSC3041,MUSC,1,0,1,0,not_collected,partial
MUSC3051,MUSC,1,0,1,0,not_collected,partial
MUSC3213,MUSC,1,0,1,0,not_collected,partial
MUSC3223,MUSC,1,0,1,0,not_collected,partial
MUSC3323,MUSC,1,0,1,0,not_collected,partial
MUSC3343,MUSC,1,0,1,0,not_collected,partial
MUSC3363,MUSC,1,0,1,0,not_collected,partial
MUSC3530,MUSC,1,0,1,0,not_collected,partial
MUSC3923,MUSC,2,0,2,0,not_collected,partial
MUSC3933,MUSC,1,0,1,0,not_collected,partial
MUSC4000,MUSC,1,0,1,0,not_collected,partial
MUSC4001,MUSC,1,0,1,0,not_collected,partial
MUSC4011,MUSC,1,0,1,0,not_collected,partial
MUSC4013,MUSC,1,0,1,0,not_collected,partial
MUSC4014,MUSC,1,0,1,0,not_collected,partial
MUSC4017,MUSC,1,0,1,0,not_collected,partial
MUSC4031,MUSC,1,0,1,0,not_collected,partial
MUSC4041,MUSC,1,0,1,0,not_collected,partial
MUSC4051,MUSC,1,0,1,0,not_collected,partial
MUSC4513,MUSC,6,0,6,0,not_collected,partial
MUSC4523,MUSC,1,0,1,0,not_collected,partial
MUSC4813,MUSC,4,0,4,0,not_collected,partial
MUSC4943,MUSC,1,0,1,0,not_collected,partial
NSCI3000,NSCI,1,0,1,0,not_collected,partial
NSCI4051,NSCI,1,0,1,0,not_collected,partial
NSCI4906,NSCI,1,0,1,0,not_collected,partial
PHAR1000,PHAR,1,0,1,0,not_collected,partial
PHAR1423,PHAR,1,0,1,0,not_collected,partial
PHAR1433,PHAR,1,0,1,0,not_collected,partial
PHAR2110,PHAR,1,0,1,0,not_collected,partial
PHAR2131,PHAR,1,0,1,0,not_collected,partial
PHAR2211,PHAR,1,0,1,0,not_collected,partial
PHAR2213,PHAR,1,0,1,0,not_collected,partial
PHAR2313,PHAR,1,0,1,0,not_collected,partial
PHAR2320,PHAR,1,0,1,0,not_collected,partial
PHAR3330,PHAR,1,0,1,0,not_collected,partial
PHAR3413,PHAR,1,0,1,0,not_collected,partial
PHAR3415,PHAR,1,0,1,0,not_collected,partial
PHAR3510,PHAR,1,0,1,0,not_collected,partial
PHAR4911,PHAR,1,0,1,0,not_collected,partial
PHED1010,PHED,1,0,1,0,not_collected,partial
PHED1015,PHED,5,0,5,0,not_collected,partial
PHED1016,PHED,4,0,4,0,not_collected,partial
PHED1017,PHED,4,0,4,0,not_collected,partial
PHED1018,PHED,7,0,7,0,not_collected,partial
PHED1021,PHED,9,0,9,0,not_collected,partial
PHED1022,PHED,6,0,6,0,not_collected,partial
PHED1023,PHED,2,0,2,0,not_collected,partial
PHED1024,PHED,7,0,7,0,not_collected,partial
PHED1025,PHED,4,0,4,0,not_collected,partial
PHED1026,PHED,5,0,5,0,not_collected,partial
PHED1027,PHED,8,0,8,0,not_collected,partial
PHED1028,PHED,6,0,6,0,not_collected,partial
PHED1029,PHED,9,0,9,0,not_collected,partial
PHED1031,PHED,7,0,7,0,not_collected,partial
PHED1032,PHED,6,0,6,0,not_collected,partial
PHED1033,PHED,5,0,5,0,not_collected,partial
PHED1034,PHED,10,0,10,0,not_collected,partial
PHED1038,PHED,1,0,1,0,not_collected,partial
PHED1040,PHED,5,0,5,0,not_collected,partial
PHED1041,PHED,3,0,3,0,not_collected,partial
PHED1042,PHED,5,0,5,0,not_collected,partial
PHED1043,PHED,10,0,10,0,not_collected,partial
PHED1044,PHED,10,0,10,0,not_collected,partial
PHED1066,PHED,1,0,1,0,not_collected,partial
PHED1122,PHED,3,0,3,0,not_collected,partial
PHED1130,PHED,3,0,3,0,not_collected,partial
PHED1150,PHED,2,0,2,0,not_collected,partial
PHED1210,PHED,3,0,3,0,not_collected,partial
PHED1220,PHED,12,0,12,0,not_collected,partial
PHED1260,PHED,1,0,1,0,not_collected,partial
PHED1310,PHED,1,0,1,0,not_collected,partial
PHED1330,PHED,2,0,2,0,not_collected,partial
PHED1340,PHED,2,0,2,0,not_collected,partial
PHED1350,PHED,2,0,2,0,not_collected,partial
PHED1370,PHED,2,0,2,0,not_collected,partial
PHED2021,PHED,2,0,2,0,not_collected,partial
PHED2121,PHED,2,0,2,0,not_collected,partial
PHIL1110,PHIL,1,0,1,0,not_collected,partial
PHIL1310,PHIL,1,0,1,0,not_collected,partial
PHIL2020,PHIL,1,0,1,0,not_collected,partial
PHIL2040,PHIL,1,0,1,0,not_collected,partial
PHIL2302,PHIL,1,0,1,0,not_collected,partial
PHIL3000,PHIL,1,0,1,0,not_collected,partial
PHIL3211,PHIL,1,0,1,0,not_collected,partial
PHIL3383,PHIL,1,0,1,0,not_collected,partial
PHIL3541,PHIL,1,0,1,0,not_collected,partial
PHIL3652,PHIL,1,0,1,0,not_collected,partial
PHIL3683,PHIL,1,0,1,0,not_collected,partial
PHIL3820,PHIL,1,0,1,0,not_collected,partial
PHIL3833,PHIL,1,0,1,0,not_collected,partial
PHIL4153,PHIL,1,0,1,0,not_collected,partial
PHIL4262,PHIL,1,0,1,0,not_collected,partial
PHIL4371,PHIL,1,0,1,0,not_collected,partial
PHIL4443,PHIL,1,0,1,0,not_collected,partial
PHIL4800,PHIL,3,0,3,0,not_collected,partial
PHPC1001,PHPC,1,0,1,0,not_collected,partial
PHPC1010,PHPC,1,0,1,0,not_collected,partial
PHPC1019,PHPC,1,0,1,0,not_collected,partial
PHPC1022,PHPC,1,0,1,0,not_collected,partial
PHPC2005,PHPC,1,0,1,0,not_collected,partial
PHPC2007,PHPC,1,0,1,0,not_collected,partial
PHPC2009,PHPC,1,0,1,0,not_collected,partial
PHPC2010,PHPC,1,0,1,0,not_collected,partial
PHPC2015,PHPC,1,0,1,0,not_collected,partial
PHPC2016,PHPC,1,0,1,0,not_collected,partial
PHPC2017,PHPC,1,0,1,0,not_collected,partial
PHPC3027,PHPC,1,0,1,0,not_collected,partial
PHPC4000,PHPC,3,0,3,0,not_collected,partial
PHPC4033,PHPC,1,0,1,0,not_collected,partial
PHPC4913,PHPC,1,0,1,0,not_collected,partial
PHPC4922,PHPC,1,0,1,0,not_collected,partial
PHPC4930,PHPC,1,0,1,0,not_collected,partial
PHYS1002,PHYS,2,0,2,0,not_collected,partial
PHYS1003,PHYS,2,0,2,0,not_collected,partial
PHYS1110,PHYS,6,0,6,0,not_collected,partial
PHYS1111,PHYS,1,0,1,0,not_collected,partial
PHYS1113,PHYS,1,0,1,0,not_collected,partial
PHYS2041,PHYS,1,0,1,0,not_collected,partial
PHYS2051,PHYS,1,0,1,0,not_collected,partial
PHYS2061,PHYS,1,0,1,0,not_collected,partial
PHYS2510,PHYS,8,0,8,0,not_collected,partial
PHYS2520,PHYS,4,0,4,0,not_collected,partial
PHYS2711,PHYS,3,0,3,0,not_collected,partial
PHYS3021,PHYS,1,0,1,0,not_collected,partial
PHYS3041,PHYS,1,0,1,0,not_collected,partial
PHYS3430,PHYS,1,0,1,0,not_collected,partial
PHYS3610,PHYS,1,0,1,0,not_collected,partial
PHYS3630,PHYS,1,0,1,0,not_collected,partial
PHYS3710,PHYS,1,0,1,0,not_collected,partial
PHYS3810,PHYS,1,0,1,0,not_collected,partial
PHYS4031,PHYS,1,0,1,0,not_collected,partial
PHYS4041,PHYS,1,0,1,0,not_collected,partial
PHYS4050,PHYS,1,0,1,0,not_collected,partial
PHYS4051,PHYS,1,0,1,0,not_collected,partial
PHYS4061,PHYS,1,0,1,0,not_collected,partial
PHYS4430,PHYS,1,0,1,0,not_collected,partial
PHYS4610,PHYS,40,0,40,0,not_collected,partial
PHYS4620,PHYS,3,0,3,0,not_collected,partial
PHYS4630,PHYS,1,0,1,0,not_collected,partial
PHYS4710,PHYS,1,0,1,0,not_collected,partial
PHYS4711,PHYS,1,0,1,0,not_collected,partial
PHYS4712,PHYS,1,0,1,0,not_collected,partial
PHYS4801,PHYS,4,0,4,0,not_collected,partial
PHYS4802,PHYS,1,0,1,0,not_collected,partial
PHYS4811,PHYS,1,0,1,0,not_collected,partial
PHYS4812,PHYS,1,0,1,0,not_collected,partial
PSYC1000,PSYC,2,0,2,0,not_collected,partial
PSYC1020,PSYC,1,0,1,0,not_collected,partial
PSYC1091,PSYC,1,0,1,0,not_collected,partial
PSYC2020,PSYC,1,0,1,0,not_collected,partial
PSYC2070,PSYC,1,0,1,0,not_collected,partial
PSYC2240,PSYC,1,0,1,0,not_collected,partial
PSYC2350,PSYC,1,0,1,0,not_collected,partial
PSYC2620,PSYC,1,0,1,0,not_collected,partial
PSYC3002,PSYC,1,0,1,0,not_collected,partial
PSYC3460,PSYC,1,0,1,0,not_collected,partial
PSYC3550,PSYC,1,0,1,0,not_collected,partial
PSYC3740,PSYC,1,0,1,0,not_collected,partial
PSYC3750,PSYC,1,0,1,0,not_collected,partial
PSYC3760,PSYC,1,0,1,0,not_collected,partial
PSYC4900,PSYC,1,0,1,0,not_collected,partial
PSYC4902,PSYC,1,0,1,0,not_collected,partial
PSYC4904,PSYC,1,0,1,0,not_collected,partial
PSYC4906,PSYC,1,0,1,0,not_collected,partial
PSYC4910,PSYC,1,0,1,0,not_collected,partial
PSYC4920,PSYC,1,0,1,0,not_collected,partial
RMSC1101,RMSC,1,0,1,0,not_collected,partial
RMSC2001,RMSC,1,0,1,0,not_collected,partial
RMSC4001,RMSC,1,0,1,0,not_collected,partial
RMSC4002,RMSC,1,0,1,0,not_collected,partial
RMSC4003,RMSC,1,0,1,0,not_collected,partial
RMSC4202,RMSC,1,0,1,0,not_collected,partial
RMSC4212,RMSC,1,0,1,0,not_collected,partial
RUSS1000,RUSS,1,0,1,0,not_collected,partial
RUSS2000,RUSS,1,0,1,0,not_collected,partial
SBMS1101,SBMS,1,0,1,0,not_collected,partial
SBMS1103,SBMS,1,0,1,0,not_collected,partial
SBMS1431,SBMS,1,0,1,0,not_collected,partial
SBMS2101,SBMS,1,0,1,0,not_collected,partial
SBMS2102,SBMS,1,0,1,0,not_collected,partial
SBMS2107,SBMS,1,0,1,0,not_collected,partial
SBMS2201,SBMS,1,0,1,0,not_collected,partial
SBMS3101,SBMS,1,0,1,0,not_collected,partial
SBMS3201,SBMS,1,0,1,0,not_collected,partial
SBMS3207,SBMS,1,0,1,0,not_collected,partial
SBMS3208,SBMS,1,0,1,0,not_collected,partial
SBMS3212,SBMS,1,0,1,0,not_collected,partial
SBMS3214,SBMS,1,0,1,0,not_collected,partial
SBMS3215,SBMS,1,0,1,0,not_collected,partial
SBMS3216,SBMS,1,0,1,0,not_collected,partial
SBMS4201,SBMS,1,0,1,0,not_collected,partial
SBMS4203,SBMS,1,0,1,0,not_collected,partial
SBMS4205,SBMS,1,0,1,0,not_collected,partial
SEEM2440,SEEM,1,0,1,0,not_collected,partial
SEEM2520,SEEM,1,0,1,0,not_collected,partial
SEEM3410,SEEM,1,0,1,0,not_collected,partial
SEEM3430,SEEM,1,0,1,0,not_collected,partial
SEEM3440,SEEM,1,0,1,0,not_collected,partial
SEEM3590,SEEM,1,0,1,0,not_collected,partial
SEEM3630,SEEM,1,0,1,0,not_collected,partial
SEEM3680,SEEM,1,0,1,0,not_collected,partial
SEEM4630,SEEM,1,0,1,0,not_collected,partial
SEEM4750,SEEM,1,0,1,0,not_collected,partial
SEEM4760,SEEM,1,0,1,0,not_collected,partial
SEEM4998,SEEM,21,0,21,0,not_collected,partial
SEEM4999,SEEM,1,0,1,0,not_collected,partial
SOCI1001,SOCI,1,0,1,0,not_collected,partial
SOCI1002,SOCI,3,0,3,0,not_collected,partial
SOCI2003,SOCI,1,0,1,0,not_collected,partial
SOCI2106,SOCI,1,0,1,0,not_collected,partial
SOCI2208,SOCI,1,0,1,0,not_collected,partial
SOCI3002,SOCI,1,0,1,0,not_collected,partial
SOCI3102,SOCI,1,0,1,0,not_collected,partial
SOCI3208,SOCI,1,0,1,0,not_collected,partial
SOCI3223,SOCI,1,0,1,0,not_collected,partial
SOCI3238,SOCI,1,0,1,0,not_collected,partial
SOCI3240,SOCI,1,0,1,0,not_collected,partial
SOCI3241,SOCI,1,0,1,0,not_collected,partial
SOCI3242,SOCI,1,0,1,0,not_collected,partial
SOCI4010,SOCI,3,0,3,0,not_collected,partial
SOCI4211,SOCI,1,0,1,0,not_collected,partial
SOCI4410,SOCI,1,0,1,0,not_collected,partial
SOCI4420,SOCI,1,0,1,0,not_collected,partial
SOSC1001,SOSC,1,0,1,0,not_collected,partial
SOSC1003,SOSC,1,0,1,0,not_collected,partial
SOSC4001,SOSC,1,0,1,0,not_collected,partial
SOSC4002,SOSC,1,0,1,0,not_collected,partial
SOSC4010,SOSC,1,0,1,0,not_collected,partial
SOWK1001,SOWK,2,0,2,0,not_collected,partial
SOWK1113,SOWK,2,0,2,0,not_collected,partial
SOWK1150,SOWK,1,0,1,0,not_collected,partial
SOWK1160,SOWK,3,0,3,0,not_collected,partial
SOWK2001,SOWK,5,0,5,0,not_collected,partial
SOWK2020,SOWK,1,0,1,0,not_collected,partial
SOWK2100,SOWK,1,0,1,0,not_collected,partial
SOWK2210,SOWK,1,0,1,0,not_collected,partial
SOWK2220,SOWK,1,0,1,0,not_collected,partial
SOWK3240,SOWK,1,0,1,0,not_collected,partial
SOWK3250,SOWK,1,0,1,0,not_collected,partial
SOWK3340,SOWK,1,0,1,0,not_collected,partial
SOWK3410,SOWK,1,0,1,0,not_collected,partial
SOWK3420,SOWK,1,0,1,0,not_collected,partial
SOWK4350,SOWK,1,0,1,0,not_collected,partial
SOWK4410,SOWK,1,0,1,0,not_collected,partial
SOWK4420,SOWK,1,0,1,0,not_collected,partial
SOWK4510,SOWK,1,0,1,0,not_collected,partial
SOWK4520,SOWK,1,0,1,0,not_collected,partial
SOWK4570,SOWK,1,0,1,0,not_collected,partial
SOWK4592,SOWK,1,0,1,0,not_collected,partial
SPAN1000,SPAN,12,0,12,0,not_collected,partial
SPAN1001,SPAN,1,0,1,0,not_collected,partial
SPAN1101,SPAN,1,0,1,0,not_collected,partial
SPAN2000,SPAN,2,0,2,0,not_collected,partial
SPAN2001,SPAN,2,0,2,0,not_collected,partial
SPAN3001,SPAN,2,0,2,0,not_collected,partial
SPED1000,SPED,1,0,1,0,not_collected,partial
SPED2010,SPED,2,0,2,0,not_collected,partial
SPED2011,SPED,1,0,1,0,not_collected,partial
SPED2031,SPED,1,0,1,0,not_collected,partial
SPED2051,SPED,2,0,2,0,not_collected,partial
SPED2110,SPED,2,0,2,0,not_collected,partial
SPED2111,SPED,2,0,2,0,not_collected,partial
SPED2131,SPED,1,0,1,0,not_collected,partial
SPED2141,SPED,3,0,3,0,not_collected,partial
SPED2211,SPED,2,0,2,0,not_collected,partial
SPED2520,SPED,1,0,1,0,not_collected,partial
SPED2600,SPED,2,0,2,0,not_collected,partial
SPED2700,SPED,1,0,1,0,not_collected,partial
SPED2720,SPED,1,0,1,0,not_collected,partial
SPED3220,SPED,2,0,2,0,not_collected,partial
SPED3250,SPED,1,0,1,0,not_collected,partial
SPED3410,SPED,1,0,1,0,not_collected,partial
SPED3440,SPED,1,0,1,0,not_collected,partial
SPED3450,SPED,1,0,1,0,not_collected,partial
SPED3700,SPED,1,0,1,0,not_collected,partial
SPED3731,SPED,1,0,1,0,not_collected,partial
SPED3820,SPED,1,0,1,0,not_collected,partial
SPED4400,SPED,1,0,1,0,not_collected,partial
SPED4570,SPED,1,0,1,0,not_collected,partial
SPED4640,SPED,1,0,1,0,not_collected,partial
STAR2000,STAR,1,0,1,0,not_collected,partial
STAR2050,STAR,1,0,1,0,not_collected,partial
STAR3000,STAR,1,0,1,0,not_collected,partial
STAR3050,STAR,1,0,1,0,not_collected,partial
STAR4000,STAR,1,0,1,0,not_collected,partial
STAR4050,STAR,1,0,1,0,not_collected,partial
STAT1011,STAT,3,0,3,0,not_collected,partial
STAT1012,STAT,1,0,1,0,not_collected,partial
STAT2001,STAT,2,0,2,0,not_collected,partial
STAT2005,STAT,1,0,1,0,not_collected,partial
STAT2006,STAT,1,0,1,0,not_collected,partial
STAT3003,STAT,1,0,1,0,not_collected,partial
STAT3005,STAT,1,0,1,0,not_collected,partial
STAT3007,STAT,1,0,1,0,not_collected,partial
STAT3008,STAT,2,0,2,0,not_collected,partial
STAT3009,STAT,1,0,1,0,not_collected,partial
STAT3210,STAT,1,0,1,0,not_collected,partial
STAT4001,STAT,1,0,1,0,not_collected,partial
STAT4003,STAT,1,0,1,0,not_collected,partial
STAT4005,STAT,1,0,1,0,not_collected,partial
STAT4006,STAT,1,0,1,0,not_collected,partial
STAT4011,STAT,1,0,1,0,not_collected,partial
STAT4013,STAT,1,0,1,0,not_collected,partial
THAI1000,THAI,2,0,2,0,not_collected,partial
THEO1000,THEO,1,0,1,0,not_collected,partial
THEO1211,THEO,1,0,1,0,not_collected,partial
THEO2213,THEO,1,0,1,0,not_collected,partial
THEO2221,THEO,1,0,1,0,not_collected,partial
THEO2235,THEO,1,0,1,0,not_collected,partial
THEO3215,THEO,1,0,1,0,not_collected,partial
THEO3217,THEO,1,0,1,0,not_collected,partial
THEO3236,THEO,1,0,1,0,not_collected,partial
THEO3241,THEO,1,0,1,0,not_collected,partial
THEO3254,THEO,1,0,1,0,not_collected,partial
THEO4241,THEO,1,0,1,0,not_collected,partial
THEO4242,THEO,1,0,1,0,not_collected,partial
TRAN1000,TRAN,1,0,1,0,not_collected,partial
TRAN1010,TRAN,2,0,2,0,not_collected,partial
TRAN1030,TRAN,1,0,1,0,not_collected,partial
TRAN2110,TRAN,1,0,1,0,not_collected,partial
TRAN2140,TRAN,1,0,1,0,not_collected,partial
TRAN2610,TRAN,1,0,1,0,not_collected,partial
TRAN2840,TRAN,1,0,1,0,not_collected,partial
TRAN3080,TRAN,1,0,1,0,not_collected,partial
TRAN3270,TRAN,1,0,1,0,not_collected,partial
TRAN3620,TRAN,1,0,1,0,not_collected,partial
TRAN3810,TRAN,1,0,1,0,not_collected,partial
TRAN3830,TRAN,1,0,1,0,not_collected,partial
TRAN3850,TRAN,1,0,1,0,not_collected,partial
TRAN3870,TRAN,1,0,1,0,not_collected,partial
TRAN4510,TRAN,5,0,5,0,not_collected,partial
TRAN4520,TRAN,4,0,4,0,not_collected,partial
UGCP1001,UGCP,1,0,1,0,not_collected,partial
UGCP1002,UGCP,1,0,1,0,not_collected,partial
UGEA1065,UGEA,1,0,1,0,not_collected,partial
UGEA1212,UGEA,1,0,1,0,not_collected,partial
UGEA1333,UGEA,1,0,1,0,not_collected,partial
UGEA1555,UGEA,4,0,4,0,not_collected,partial
UGEA2100,UGEA,10,0,10,0,not_collected,partial
UGEA2110,UGEA,2,0,2,0,not_collected,partial
UGEA2140,UGEA,1,0,1,0,not_collected,partial
UGEA2145,UGEA,1,0,1,0,not_collected,partial
UGEA2150,UGEA,3,0,3,0,not_collected,partial
UGEA2160,UGEA,2,0,2,0,not_collected,partial
UGEA2163,UGEA,1,0,1,0,not_collected,partial
UGEA2190,UGEA,2,0,2,0,not_collected,partial
UGEA2230,UGEA,1,0,1,0,not_collected,partial
UGEA2234,UGEA,1,0,1,0,not_collected,partial
UGEA2236,UGEA,1,0,1,0,not_collected,partial
UGEA2290,UGEA,1,0,1,0,not_collected,partial
UGEA2332,UGEA,1,0,1,0,not_collected,partial
UGEA2334,UGEA,2,0,2,0,not_collected,partial
UGEA2433,UGEA,1,0,1,0,not_collected,partial
UGEB1307,UGEB,1,0,1,0,not_collected,partial
UGEB1407,UGEB,1,0,1,0,not_collected,partial
UGEB1870,UGEB,1,0,1,0,not_collected,partial
UGEB2008,UGEB,1,0,1,0,not_collected,partial
UGEB2132,UGEB,1,0,1,0,not_collected,partial
UGEB2222,UGEB,1,0,1,0,not_collected,partial
UGEB2341,UGEB,1,0,1,0,not_collected,partial
UGEB2360,UGEB,1,0,1,0,not_collected,partial
UGEB2363,UGEB,1,0,1,0,not_collected,partial
UGEB2364,UGEB,1,0,1,0,not_collected,partial
UGEB2370,UGEB,1,0,1,0,not_collected,partial
UGEB2380,UGEB,2,0,2,0,not_collected,partial
UGEB2411,UGEB,3,0,3,0,not_collected,partial
UGEB2420,UGEB,1,0,1,0,not_collected,partial
UGEB2491,UGEB,1,0,1,0,not_collected,partial
UGEB2502,UGEB,1,0,1,0,not_collected,partial
UGEB2530,UGEB,1,0,1,0,not_collected,partial
UGEB2640,UGEB,1,0,1,0,not_collected,partial
UGEB2650,UGEB,1,0,1,0,not_collected,partial
UGEB2791,UGEB,1,0,1,0,not_collected,partial
UGEB2996,UGEB,1,0,1,0,not_collected,partial
UGEB3630,UGEB,1,0,1,0,not_collected,partial
UGEC1120,UGEC,1,0,1,0,not_collected,partial
UGEC1209,UGEC,1,0,1,0,not_collected,partial
UGEC1232,UGEC,1,0,1,0,not_collected,partial
UGEC1271,UGEC,3,0,3,0,not_collected,partial
UGEC1281,UGEC,1,0,1,0,not_collected,partial
UGEC1302,UGEC,1,0,1,0,not_collected,partial
UGEC1511,UGEC,2,0,2,0,not_collected,partial
UGEC1512,UGEC,1,0,1,0,not_collected,partial
UGEC1560,UGEC,1,0,1,0,not_collected,partial
UGEC1681,UGEC,1,0,1,0,not_collected,partial
UGEC1835,UGEC,1,0,1,0,not_collected,partial
UGEC1885,UGEC,1,0,1,0,not_collected,partial
UGEC1920,UGEC,1,0,1,0,not_collected,partial
UGEC2020,UGEC,1,0,1,0,not_collected,partial
UGEC2022,UGEC,1,0,1,0,not_collected,partial
UGEC2041,UGEC,1,0,1,0,not_collected,partial
UGEC2117,UGEC,1,0,1,0,not_collected,partial
UGEC2135,UGEC,1,0,1,0,not_collected,partial
UGEC2171,UGEC,1,0,1,0,not_collected,partial
UGEC2188,UGEC,1,0,1,0,not_collected,partial
UGEC2189,UGEC,1,0,1,0,not_collected,partial
UGEC2192,UGEC,1,0,1,0,not_collected,partial
UGEC2201,UGEC,1,0,1,0,not_collected,partial
UGEC2241,UGEC,1,0,1,0,not_collected,partial
UGEC2273,UGEC,1,0,1,0,not_collected,partial
UGEC2353,UGEC,1,0,1,0,not_collected,partial
UGEC2436,UGEC,1,0,1,0,not_collected,partial
UGEC2610,UGEC,1,0,1,0,not_collected,partial
UGEC2656,UGEC,1,0,1,0,not_collected,partial
UGEC2821,UGEC,1,0,1,0,not_collected,partial
UGEC2853,UGEC,1,0,1,0,not_collected,partial
UGEC2858,UGEC,1,0,1,0,not_collected,partial
UGEC2883,UGEC,1,0,1,0,not_collected,partial
UGEC2910,UGEC,1,0,1,0,not_collected,partial
UGEC2941,UGEC,1,0,1,0,not_collected,partial
UGEC2945,UGEC,1,0,1,0,not_collected,partial
UGEC3215,UGEC,1,0,1,0,not_collected,partial
UGEC3224,UGEC,1,0,1,0,not_collected,partial
UGEC3483,UGEC,1,0,1,0,not_collected,partial
UGEC3893,UGEC,1,0,1,0,not_collected,partial
UGED1084,UGED,1,0,1,0,not_collected,partial
UGED1111,UGED,9,0,9,0,not_collected,partial
UGED1112,UGED,1,0,1,0,not_collected,partial
UGED1146,UGED,1,0,1,0,not_collected,partial
UGED1252,UGED,2,0,2,0,not_collected,partial
UGED1400,UGED,1,0,1,0,not_collected,partial
UGED1520,UGED,1,0,1,0,not_collected,partial
UGED1553,UGED,3,0,3,0,not_collected,partial
UGED1554,UGED,1,0,1,0,not_collected,partial
UGED1600,UGED,1,0,1,0,not_collected,partial
UGED1651,UGED,3,0,3,0,not_collected,partial
UGED1796,UGED,1,0,1,0,not_collected,partial
UGED1810,UGED,1,0,1,0,not_collected,partial
UGED1815,UGED,1,0,1,0,not_collected,partial
UGED1997,UGED,1,0,1,0,not_collected,partial
UGED1998,UGED,1,0,1,0,not_collected,partial
UGED2133,UGED,1,0,1,0,not_collected,partial
UGED2172,UGED,1,0,1,0,not_collected,partial
UGED2194,UGED,1,0,1,0,not_collected,partial
UGED2197,UGED,1,0,1,0,not_collected,partial
UGED2261,UGED,1,0,1,0,not_collected,partial
UGED2327,UGED,1,0,1,0,not_collected,partial
UGED2338,UGED,1,0,1,0,not_collected,partial
UGED2637,UGED,1,0,1,0,not_collected,partial
UGED2666,UGED,1,0,1,0,not_collected,partial
UGED2852,UGED,1,0,1,0,not_collected,partial
UGED2891,UGED,1,0,1,0,not_collected,partial
UGED2892,UGED,1,0,1,0,not_collected,partial
UGED2901,UGED,1,0,1,0,not_collected,partial
UGED2921,UGED,1,0,1,0,not_collected,partial
UGED2923,UGED,1,0,1,0,not_collected,partial
UGED2980,UGED,1,0,1,0,not_collected,partial
UGED3322,UGED,1,0,1,0,not_collected,partial
UGFH1000,UGFH,20,0,20,0,not_collected,partial
UGFN1000,UGFN,19,0,19,0,not_collected,partial
URSP1001,URSP,1,0,1,0,not_collected,partial
URSP2001,URSP,1,0,1,0,not_collected,partial
URSP2040,URSP,1,0,1,0,not_collected,partial
URSP2060,URSP,1,0,1,0,not_collected,partial
URSP2100,URSP,1,0,1,0,not_collected,partial
URSP2300,URSP,1,0,1,0,not_collected,partial
URSP2400,URSP,1,0,1,0,not_collected,partial
URSP2700,URSP,1,0,1,0,not_collected,partial
URSP2800,URSP,1,0,1,0,not_collected,partial
URSP3400,URSP,1,0,1,0,not_collected,partial
URSP3600,URSP,1,0,1,0,not_collected,partial
URSP4001,URSP,1,0,1,0,not_collected,partial
URSP4003,URSP,1,0,1,0,not_collected,partial
URSP4100,URSP,1,0,1,0,not_collected,partial
