term_code,subject_code,subject_name,query_status,query_error,main_record_count,unique_class_nbr_count,first_captured_at,last_checked_at,source_snapshot_id,source_kind,review_note
2420,ACCT,,data,,62,41,2026-08-14T17:54:13.919Z,2026-08-14T17:54:19.641Z,2026-08-15T01-53-13+08-00-full-term-1,current,
2420,AIST,,data,,62,49,2026-08-14T17:53:27.585Z,2026-08-14T17:53:32.224Z,2026-08-15T01-53-13+08-00-full-term-1,current,
2420,ANTH,,data,,77,21,2026-08-14T17:53:32.225Z,2026-08-14T17:53:36.777Z,2026-08-15T01-53-13+08-00-full-term-1,current,
2420,ARAB,,data,,2,2,2026-08-14T17:53:36.777Z,2026-08-14T17:53:41.266Z,2026-08-15T01-53-13+08-00-full-term-1,current,
2420,ARCH,,data,,56,18,2026-08-14T17:53:41.266Z,2026-08-14T17:53:46.085Z,2026-08-15T01-53-13+08-00-full-term-1,current,
2420,ARTS,,school_approval_required,CUSIS returned an unverified blank result,0,0,2026-08-14T18:00:12.100Z,2026-08-14T18:00:21.944Z,2026-08-15T01-53-13+08-00-full-term-1,current,"Per confirmed project rule, this subject requires school approval; absence of public rows is not treated as a collection gap."
2420,ASEI,,data,,9,2,2026-08-14T17:53:58.472Z,2026-08-14T17:54:04.751Z,2026-08-15T01-53-13+08-00-full-term-1,current,
2420,BCHE,,data,,51,16,2026-08-14T17:54:04.751Z,2026-08-14T17:54:11.121Z,2026-08-15T01-53-13+08-00-full-term-1,current,
2420,BCME,,data,,62,22,2026-08-14T17:55:18.014Z,2026-08-14T17:55:27.850Z,2026-08-15T01-53-13+08-00-full-term-1,current,
2420,BECE,,data,,17,9,2026-08-14T17:54:39.270Z,2026-08-14T17:54:43.630Z,2026-08-15T01-53-13+08-00-full-term-1,current,
2420,BEHM,,data,,3,3,2026-08-14T17:54:43.630Z,2026-08-14T17:54:48.958Z,2026-08-15T01-53-13+08-00-full-term-1,current,
2420,BIOL,,data,,34,18,2026-08-14T17:54:48.959Z,2026-08-14T17:54:53.418Z,2026-08-15T01-53-13+08-00-full-term-1,current,
2420,BMBL,,data,,15,8,2026-08-14T17:54:53.418Z,2026-08-14T17:54:57.858Z,2026-08-15T01-53-13+08-00-full-term-1,current,
2420,BMED,,data,,10,5,2026-08-14T17:54:57.859Z,2026-08-14T17:55:02.495Z,2026-08-15T01-53-13+08-00-full-term-1,current,
2420,BMEG,,data,,81,41,2026-08-14T17:56:18.381Z,2026-08-14T17:56:23.140Z,2026-08-15T01-53-13+08-00-full-term-1,current,
2420,CDAS,,data,,17,17,2026-08-14T17:55:37.966Z,2026-08-14T17:55:42.464Z,2026-08-15T01-53-13+08-00-full-term-1,current,
2420,CENG,,data,,52,47,2026-08-14T17:55:42.465Z,2026-08-14T17:55:47.200Z,2026-08-15T01-53-13+08-00-full-term-1,current,
2420,CHED,,data,,19,11,2026-08-14T17:55:47.201Z,2026-08-14T17:55:51.612Z,2026-08-15T01-53-13+08-00-full-term-1,current,
2420,CHEM,,data,,95,38,2026-08-14T17:56:23.140Z,2026-08-14T17:56:32.896Z,2026-08-15T01-53-13+08-00-full-term-1,current,
2420,CHES,,data,,21,15,2026-08-14T17:56:01.675Z,2026-08-14T17:56:05.983Z,2026-08-15T01-53-13+08-00-full-term-1,current,
2420,CHLL,,data,,92,41,2026-08-14T17:56:32.897Z,2026-08-14T17:56:37.571Z,2026-08-15T01-53-13+08-00-full-term-1,current,
2420,CHLT,,data,,225,157,2026-08-14T18:00:21.944Z,2026-08-14T18:00:32.659Z,2026-08-15T18-34-00+08-00-gap-recapture,gap_recapture,Complete result grid recaptured from the official public timetable.
2420,CHPR,,data,,5,4,2026-08-14T17:56:48.544Z,2026-08-14T17:56:52.947Z,2026-08-15T01-53-13+08-00-full-term-1,current,
2420,CLCC,,data,,99,41,2026-08-14T17:56:52.947Z,2026-08-14T17:56:57.729Z,2026-08-15T01-53-13+08-00-full-term-1,current,
2420,CLCE,,data,,1,1,2026-08-14T17:56:57.730Z,2026-08-14T17:57:02.058Z,2026-08-15T01-53-13+08-00-full-term-1,current,
2420,CLCH,,data,,4,2,2026-08-14T17:57:30.465Z,2026-08-14T17:57:36.426Z,2026-08-15T01-53-13+08-00-full-term-1,current,
2420,CLCP,,data,,141,64,2026-08-14T17:59:49.871Z,2026-08-14T17:59:59.653Z,2026-08-15T01-53-13+08-00-full-term-1,current,
2420,CLED,,data,,10,5,2026-08-14T17:57:46.431Z,2026-08-14T17:57:50.644Z,2026-08-15T01-53-13+08-00-full-term-1,current,
2420,CMBI,,data,,16,11,2026-08-14T17:57:50.645Z,2026-08-14T17:57:55.117Z,2026-08-15T01-53-13+08-00-full-term-1,current,
2420,COMM,,data,,80,52,2026-08-14T17:58:40.681Z,2026-08-14T17:58:45.418Z,2026-08-15T01-53-13+08-00-full-term-1,current,
2420,COOP,,data,,3,3,2026-08-14T17:58:05.474Z,2026-08-14T17:58:10.205Z,2026-08-15T01-53-13+08-00-full-term-1,current,
2420,CSAT,,data,,2,2,2026-08-14T17:58:45.419Z,2026-08-14T17:58:49.600Z,2026-08-15T01-53-13+08-00-full-term-1,current,
2420,CSCI,,historical_fallback,"Timed out after 3000ms evaluating selector internal:label=""Term""s: Playwright selector deadline exceeded",171,70,,2026-08-14T18:18:13.737Z,2026-08-15T00-47-47+08-00,historical_fallback,Latest query was invalid/blank; records use the previous snapshot and may be stale.
2420,CUMT,,data,,1,1,2026-08-14T17:58:59.277Z,2026-08-14T17:59:03.702Z,2026-08-15T01-53-13+08-00-full-term-1,current,
2420,CURE,,historical_fallback,CUSIS returned an unverified blank result,104,27,2026-08-14T18:00:42.911Z,2026-08-14T18:00:53.052Z,2026-08-15T00-47-47+08-00,historical_fallback,Latest query was invalid/blank; records use the previous snapshot and may be stale.
2420,DIPL,,data,,1,1,2026-08-14T18:01:13.964Z,2026-08-14T18:01:18.481Z,2026-08-15T01-53-13+08-00-full-term-1,current,
2420,DOTE,,historical_fallback,CUSIS returned an unverified blank result,82,44,2026-08-14T18:01:18.482Z,2026-08-14T18:01:28.457Z,2026-08-15T00-47-47+08-00,historical_fallback,Latest query was invalid/blank; records use the previous snapshot and may be stale.
2420,DSPS,,data,,20,11,2026-08-14T18:01:28.458Z,2026-08-14T18:01:33.248Z,2026-08-15T01-53-13+08-00-full-term-1,current,
2420,ECON,,data,,75,44,2026-08-14T18:01:33.248Z,2026-08-14T18:01:43.266Z,2026-08-15T01-53-13+08-00-full-term-1,current,
2420,EDUC,,data,,42,13,2026-08-14T18:01:47.319Z,2026-08-14T18:01:52.046Z,2026-08-15T01-53-13+08-00-full-term-1,current,
2420,EEEN,,data,,24,7,2026-08-14T18:01:52.047Z,2026-08-14T18:01:56.578Z,2026-08-15T01-53-13+08-00-full-term-1,current,
2420,EESC,,data,,57,25,2026-08-14T18:01:56.578Z,2026-08-14T18:02:01.493Z,2026-08-15T01-53-13+08-00-full-term-1,current,
2420,ELED,,data,,13,8,2026-08-14T18:02:01.494Z,2026-08-14T18:02:06.178Z,2026-08-15T01-53-13+08-00-full-term-1,current,
2420,ELEG,,historical_fallback,CUSIS returned an unverified blank result,120,53,2026-08-14T18:02:06.237Z,2026-08-14T18:02:16.050Z,2026-08-15T00-47-47+08-00,historical_fallback,Latest query was invalid/blank; records use the previous snapshot and may be stale.
2420,ELTU,,school_approval_required,CUSIS returned an unverified blank result,0,0,2026-08-14T18:02:16.051Z,2026-08-14T18:02:28.197Z,2026-08-15T01-53-13+08-00-full-term-1,current,"Per confirmed project rule, this subject requires school approval; absence of public rows is not treated as a collection gap."
2420,ENGE,,historical_fallback,CUSIS returned an unverified blank result,236,38,2026-08-14T18:02:28.197Z,2026-08-14T18:02:42.233Z,2026-08-15T00-47-47+08-00,historical_fallback,Latest query was invalid/blank; records use the previous snapshot and may be stale.
2420,ENGG,,data,,238,72,2026-08-14T18:03:09.684Z,2026-08-14T18:03:23.656Z,2026-08-15T18-34-00+08-00-gap-recapture,gap_recapture,Complete result grid recaptured from the official public timetable.
2420,EPIN,,data,,12,6,2026-08-14T18:03:27.398Z,2026-08-14T18:03:32.972Z,2026-08-15T01-53-13+08-00-full-term-1,current,
2420,ESTR,,historical_fallback,CUSIS returned an unverified blank result,93,32,2026-08-14T18:03:33.023Z,2026-08-14T18:03:44.749Z,2026-08-15T00-47-47+08-00,historical_fallback,Latest query was invalid/blank; records use the previous snapshot and may be stale.
2420,FAAS,,data,,85,35,2026-08-14T18:03:44.791Z,2026-08-14T18:03:55.893Z,2026-08-15T01-53-13+08-00-full-term-1,current,
2420,FINA,,data,,68,41,2026-08-14T18:03:55.953Z,2026-08-14T18:04:06.900Z,2026-08-15T01-53-13+08-00-full-term-1,current,
2420,FNSC,,data,,22,16,2026-08-14T18:04:06.945Z,2026-08-14T18:04:12.293Z,2026-08-15T01-53-13+08-00-full-term-1,current,
2420,FREN,,data,,27,18,2026-08-14T18:04:17.698Z,2026-08-14T18:04:22.836Z,2026-08-15T01-53-13+08-00-full-term-1,current,
2420,FTEC,,data,,33,26,2026-08-14T18:04:22.882Z,2026-08-14T18:04:27.912Z,2026-08-15T01-53-13+08-00-full-term-1,current,
2420,GDRS,,data,,27,10,2026-08-14T18:04:27.964Z,2026-08-14T18:04:33.477Z,2026-08-15T01-53-13+08-00-full-term-1,current,
2420,GECC,,data,,156,123,2026-08-14T18:04:33.548Z,2026-08-14T18:04:44.594Z,2026-08-15T18-34-00+08-00-gap-recapture,gap_recapture,Complete result grid recaptured from the official public timetable.
2420,GECW,,data,,48,18,2026-08-14T18:04:44.661Z,2026-08-14T18:04:49.605Z,2026-08-15T01-53-13+08-00-full-term-1,current,
2420,GEMC,,data,,12,2,2026-08-14T18:04:49.649Z,2026-08-14T18:04:54.653Z,2026-08-15T01-53-13+08-00-full-term-1,current,
2420,GENA,,data,,39,21,2026-08-14T18:05:00.710Z,2026-08-14T18:05:05.988Z,2026-08-15T01-53-13+08-00-full-term-1,current,
2420,GERM,,data,,15,12,2026-08-14T18:05:06.033Z,2026-08-14T18:05:11.845Z,2026-08-15T01-53-13+08-00-full-term-1,current,
2420,GESC,,data,,34,26,2026-08-14T18:05:11.884Z,2026-08-14T18:05:17.097Z,2026-08-15T01-53-13+08-00-full-term-1,current,
2420,GESH,,data,,9,9,2026-08-14T18:05:17.141Z,2026-08-14T18:05:22.186Z,2026-08-15T01-53-13+08-00-full-term-1,current,
2420,GEUC,,data,,47,43,2026-08-14T18:05:22.231Z,2026-08-14T18:05:27.600Z,2026-08-15T01-53-13+08-00-full-term-1,current,
2420,GEWS,,data,,22,7,2026-08-14T18:05:27.659Z,2026-08-14T18:05:32.553Z,2026-08-15T01-53-13+08-00-full-term-1,current,
2420,GEYS,,data,,10,10,2026-08-14T18:05:32.600Z,2026-08-14T18:05:37.438Z,2026-08-15T01-53-13+08-00-full-term-1,current,
2420,GLEF,,data,,5,4,2026-08-14T18:05:37.496Z,2026-08-14T18:05:42.512Z,2026-08-15T01-53-13+08-00-full-term-1,current,
2420,GLSD,,data,,15,12,2026-08-14T18:05:45.528Z,2026-08-14T18:05:50.404Z,2026-08-15T01-53-13+08-00-full-term-1,current,
2420,GPAD,,data,,31,18,2026-08-14T18:05:50.461Z,2026-08-14T18:05:55.599Z,2026-08-15T01-53-13+08-00-full-term-1,current,
2420,GPSU,,school_approval_required,CUSIS returned an unverified blank result,0,0,2026-08-14T18:05:55.655Z,2026-08-14T18:06:06.924Z,2026-08-15T01-53-13+08-00-full-term-1,current,"Per confirmed project rule, this subject requires school approval; absence of public rows is not treated as a collection gap."
2420,GRMD,,data,,54,25,2026-08-14T18:06:06.982Z,2026-08-14T18:06:12.229Z,2026-08-15T01-53-13+08-00-full-term-1,current,
2420,GRON,,data,,8,4,2026-08-14T18:06:12.274Z,2026-08-14T18:06:17.559Z,2026-08-15T01-53-13+08-00-full-term-1,current,
2420,HIST,,data,,82,44,2026-08-14T18:06:17.612Z,2026-08-14T18:06:28.429Z,2026-08-15T01-53-13+08-00-full-term-1,current,
2420,HKSL,,data,,21,16,2026-08-14T18:06:28.473Z,2026-08-14T18:06:33.394Z,2026-08-15T01-53-13+08-00-full-term-1,current,
2420,HTMG,,data,,65,27,2026-08-14T18:06:33.466Z,2026-08-14T18:06:38.773Z,2026-08-15T01-53-13+08-00-full-term-1,current,
2420,IASP,,data,,5,2,2026-08-14T18:06:44.528Z,2026-08-14T18:06:49.352Z,2026-08-15T01-53-13+08-00-full-term-1,current,
2420,IBBA,,data,,2,1,2026-08-14T18:06:49.421Z,2026-08-14T18:06:54.524Z,2026-08-15T01-53-13+08-00-full-term-1,current,
2420,IERG,,historical_fallback,CUSIS returned an unverified blank result,101,59,2026-08-14T18:06:54.587Z,2026-08-14T18:07:05.604Z,2026-08-15T00-47-47+08-00,historical_fallback,Latest query was invalid/blank; records use the previous snapshot and may be stale.
2420,IMSC,,data,,33,8,2026-08-14T18:07:05.654Z,2026-08-14T18:07:10.646Z,2026-08-15T01-53-13+08-00-full-term-1,current,
2420,ITAL,,data,,4,2,2026-08-14T18:07:10.689Z,2026-08-14T18:07:15.561Z,2026-08-15T01-53-13+08-00-full-term-1,current,
2420,JASP,,historical_fallback,CUSIS returned an unverified blank result,143,56,2026-08-14T18:07:15.619Z,2026-08-14T18:07:26.664Z,2026-08-15T00-47-47+08-00,historical_fallback,Latest query was invalid/blank; records use the previous snapshot and may be stale.
2420,KORE,,data,,30,21,2026-08-14T18:07:26.709Z,2026-08-14T18:07:31.811Z,2026-08-15T01-53-13+08-00-full-term-1,current,
2420,LAWS,,data,,98,22,2026-08-14T18:07:31.858Z,2026-08-14T18:07:42.645Z,2026-08-15T01-53-13+08-00-full-term-1,current,
2420,LDTE,,data,,6,5,2026-08-14T18:07:46.759Z,2026-08-14T18:07:51.521Z,2026-08-15T01-53-13+08-00-full-term-1,current,
2420,LING,,data,,35,11,2026-08-14T18:07:51.558Z,2026-08-14T18:07:56.839Z,2026-08-15T01-53-13+08-00-full-term-1,current,
2420,LSCI,,data,,9,7,2026-08-14T18:07:56.881Z,2026-08-14T18:08:01.851Z,2026-08-15T01-53-13+08-00-full-term-1,current,
2420,MAEG,,data,,47,14,2026-08-14T18:08:01.909Z,2026-08-14T18:08:07.245Z,2026-08-15T01-53-13+08-00-full-term-1,current,
2420,MASE,,data,,10,3,2026-08-14T18:08:07.289Z,2026-08-14T18:08:12.746Z,2026-08-15T01-53-13+08-00-full-term-1,current,
2420,MATH,,historical_fallback,CUSIS returned an unverified blank result,310,71,2026-08-14T18:08:12.790Z,2026-08-14T18:08:23.986Z,2026-08-15T00-47-47+08-00,historical_fallback,Latest query was invalid/blank; records use the previous snapshot and may be stale.
2420,MBTE,,data,,16,8,2026-08-14T18:08:24.028Z,2026-08-14T18:08:28.936Z,2026-08-15T01-53-13+08-00-full-term-1,current,
2420,MEDF,,data,,51,3,2026-08-14T18:08:29.001Z,2026-08-14T18:08:34.210Z,2026-08-15T01-53-13+08-00-full-term-1,current,
2420,MEDU,,data,,37,3,2026-08-14T18:08:37.925Z,2026-08-14T18:08:43.138Z,2026-08-15T01-53-13+08-00-full-term-1,current,
2420,MGNT,,data,,63,45,2026-08-14T18:08:43.187Z,2026-08-14T18:08:48.176Z,2026-08-15T01-53-13+08-00-full-term-1,current,
2420,MIEG,,data,,3,1,2026-08-14T18:08:48.219Z,2026-08-14T18:08:53.115Z,2026-08-15T01-53-13+08-00-full-term-1,current,
2420,MKTG,,data,,25,18,2026-08-14T18:08:53.185Z,2026-08-14T18:08:58.438Z,2026-08-15T01-53-13+08-00-full-term-1,current,
2420,MUSC,,data,,83,63,2026-08-14T18:08:58.483Z,2026-08-14T18:09:03.892Z,2026-08-15T01-53-13+08-00-full-term-1,current,
2420,NSCI,,data,,3,3,2026-08-14T18:09:03.937Z,2026-08-14T18:09:09.105Z,2026-08-15T01-53-13+08-00-full-term-1,current,
2420,NURS,,school_approval_required,CUSIS returned an unverified blank result,0,0,2026-08-14T18:09:09.158Z,2026-08-14T18:09:21.431Z,2026-08-15T01-53-13+08-00-full-term-1,current,"Per confirmed project rule, this subject requires school approval; absence of public rows is not treated as a collection gap."
2420,PHAR,,data,,74,14,2026-08-14T18:09:21.491Z,2026-08-14T18:09:27.063Z,2026-08-15T01-53-13+08-00-full-term-1,current,
2420,PHED,,historical_fallback,CUSIS returned an unverified blank result,267,177,2026-08-14T18:09:30.258Z,2026-08-14T18:09:41.674Z,2026-08-15T00-47-47+08-00,historical_fallback,Latest query was invalid/blank; records use the previous snapshot and may be stale.
2420,PHIL,,data,,60,20,2026-08-14T18:09:41.737Z,2026-08-14T18:09:52.914Z,2026-08-15T01-53-13+08-00-full-term-1,current,
2420,PHPC,,data,,28,19,2026-08-14T18:09:52.982Z,2026-08-14T18:09:57.920Z,2026-08-15T01-53-13+08-00-full-term-1,current,
2420,PHYS,,data,,309,97,2026-08-14T18:09:57.957Z,2026-08-14T18:10:06.833Z,2026-08-15T01-53-13+08-00-full-term-1,current,
2420,PSYC,,data,,52,21,2026-08-14T18:10:16.860Z,2026-08-14T18:10:26.556Z,2026-08-15T01-53-13+08-00-full-term-1,current,
2420,RMSC,,data,,16,7,2026-08-14T18:10:36.587Z,2026-08-14T18:10:46.457Z,2026-08-15T01-53-13+08-00-full-term-1,current,
2420,RUSS,,data,,3,2,2026-08-14T18:10:56.488Z,2026-08-14T18:11:06.547Z,2026-08-15T01-53-13+08-00-full-term-1,current,
2420,SBMS,,data,,60,18,2026-08-14T18:11:16.572Z,2026-08-14T18:11:26.201Z,2026-08-15T01-53-13+08-00-full-term-1,current,
2420,SEEM,,data,,66,33,2026-08-14T18:11:39.182Z,2026-08-14T18:11:49.061Z,2026-08-15T01-53-13+08-00-full-term-1,current,
2420,SOCI,,data,,41,21,2026-08-14T18:11:59.082Z,2026-08-14T18:12:08.313Z,2026-08-15T01-53-13+08-00-full-term-1,current,
2420,SOSC,,data,,9,5,2026-08-14T18:12:18.339Z,2026-08-14T18:12:27.961Z,2026-08-15T01-53-13+08-00-full-term-1,current,
2420,SOWK,,data,,184,29,2026-08-14T18:12:37.992Z,2026-08-14T18:12:46.882Z,2026-08-15T01-53-13+08-00-full-term-1,current,
2420,SPAN,,data,,27,20,2026-08-14T18:12:56.911Z,2026-08-14T18:13:02.463Z,2026-08-15T01-53-13+08-00-full-term-1,current,
2420,SPED,,data,,54,34,2026-08-14T18:13:02.527Z,2026-08-14T18:13:07.972Z,2026-08-15T01-53-13+08-00-full-term-1,current,
2420,SSMU,,school_approval_required,CUSIS returned an unverified blank result,0,0,2026-08-14T18:13:08.030Z,2026-08-14T18:13:26.724Z,2026-08-15T01-53-13+08-00-full-term-1,current,"Per confirmed project rule, this subject requires school approval; absence of public rows is not treated as a collection gap."
2420,STAR,,data,,6,6,2026-08-14T18:13:36.752Z,2026-08-14T18:13:46.269Z,2026-08-15T01-53-13+08-00-full-term-1,current,
2420,STAT,,data,,67,21,2026-08-14T18:13:59.370Z,2026-08-14T18:14:09.886Z,2026-08-15T01-53-13+08-00-full-term-1,current,
2420,THAI,,data,,2,2,2026-08-14T18:14:19.909Z,2026-08-14T18:14:29.990Z,2026-08-15T01-53-13+08-00-full-term-1,current,
2420,THEO,,data,,22,12,2026-08-14T18:14:40.018Z,2026-08-14T18:14:49.766Z,2026-08-15T01-53-13+08-00-full-term-1,current,
2420,TRAN,,data,,56,24,2026-08-14T18:14:59.795Z,2026-08-14T18:15:09.675Z,2026-08-15T01-53-13+08-00-full-term-1,current,
2420,UGCP,,data,,2,2,2026-08-14T18:15:11.754Z,2026-08-14T18:15:17.621Z,2026-08-15T01-53-13+08-00-full-term-1,current,
2420,UGEA,,data,,64,37,2026-08-14T18:15:17.669Z,2026-08-14T18:15:22.758Z,2026-08-15T01-53-13+08-00-full-term-1,current,
2420,UGEB,,data,,45,25,2026-08-14T18:15:22.805Z,2026-08-14T18:15:28.006Z,2026-08-15T01-53-13+08-00-full-term-1,current,
2420,UGEC,,data,,108,43,2026-08-14T18:15:28.081Z,2026-08-14T18:15:33.391Z,2026-08-15T01-53-13+08-00-full-term-1,current,
2420,UGED,,data,,121,46,2026-08-14T18:15:36.452Z,2026-08-14T18:15:51.964Z,2026-08-15T01-53-13+08-00-full-term-1,current,
2420,UGFH,,data,,140,20,2026-08-14T18:16:01.990Z,2026-08-14T18:16:10.957Z,2026-08-15T01-53-13+08-00-full-term-1,current,
2420,UGFN,,data,,134,19,2026-08-14T18:16:20.984Z,2026-08-14T18:16:30.124Z,2026-08-15T01-53-13+08-00-full-term-1,current,
2420,URSP,,data,,36,14,2026-08-14T18:16:40.149Z,2026-08-14T18:16:49.544Z,2026-08-15T01-53-13+08-00-full-term-1,current,
